-- phpMyAdmin SQL Dump
-- version 4.9.0.1
-- https://www.phpmyadmin.net/
--
-- Host: 127.0.0.1
-- Generation Time: Sep 05, 2019 at 11:03 AM
-- Server version: 10.4.6-MariaDB
-- PHP Version: 7.3.8

SET SQL_MODE = "NO_AUTO_VALUE_ON_ZERO";
SET AUTOCOMMIT = 0;
START TRANSACTION;
SET time_zone = "+00:00";


/*!40101 SET @OLD_CHARACTER_SET_CLIENT=@@CHARACTER_SET_CLIENT */;
/*!40101 SET @OLD_CHARACTER_SET_RESULTS=@@CHARACTER_SET_RESULTS */;
/*!40101 SET @OLD_COLLATION_CONNECTION=@@COLLATION_CONNECTION */;
/*!40101 SET NAMES utf8mb4 */;

--
-- Database: `pilkades`
--

-- --------------------------------------------------------

--
-- Table structure for table `berkas`
--

CREATE TABLE `berkas` (
  `id` int(11) NOT NULL,
  `title` varchar(64) NOT NULL,
  `filename` varchar(128) NOT NULL,
  `aktif` tinyint(4) NOT NULL DEFAULT 1
) ENGINE=InnoDB DEFAULT CHARSET=latin1;

--
-- Dumping data for table `berkas`
--

INSERT INTO `berkas` (`id`, `title`, `filename`, `aktif`) VALUES
(1, 'SK Pelaksanaan PILKADES', 'sk-pelaksanaan-pilkades.pdf', 1),
(2, 'Perbup PILKADES 2019', 'perbub-41-th-2019-tentang-pelaksanaan-pemilihan-kades-serentak-dan-antar-waktu.pdf', 1);

-- --------------------------------------------------------

--
-- Table structure for table `config`
--

CREATE TABLE `config` (
  `id` int(11) NOT NULL,
  `app_status` tinyint(4) NOT NULL DEFAULT 1,
  `desa_kode` varchar(14) NOT NULL,
  `und_yth` tinyint(4) NOT NULL DEFAULT 1,
  `sistem` varchar(24) NOT NULL,
  `dig_no_und` tinyint(3) NOT NULL,
  `antri` int(11) NOT NULL,
  `per_dapil` tinyint(4) NOT NULL DEFAULT 1 COMMENT 'kehadiran per dapil',
  `qr_code` tinyint(4) NOT NULL,
  `bar_code` tinyint(4) NOT NULL,
  `sis_pem` varchar(12) NOT NULL DEFAULT 'Desa',
  `sis_kabkot` varchar(12) NOT NULL DEFAULT 'Kabupaten',
  `desa` varchar(32) NOT NULL,
  `kec` varchar(32) NOT NULL,
  `kabkot` varchar(32) NOT NULL,
  `prop` varchar(16) NOT NULL,
  `logo_kab` varchar(256) NOT NULL,
  `logo_fav` varchar(256) NOT NULL,
  `sis_hitung` tinyint(4) NOT NULL DEFAULT 1 COMMENT '1:manual,2:rkp'
) ENGINE=InnoDB DEFAULT CHARSET=utf8;

--
-- Dumping data for table `config`
--

INSERT INTO `config` (`id`, `app_status`, `desa_kode`, `und_yth`, `sistem`, `dig_no_und`, `antri`, `per_dapil`, `qr_code`, `bar_code`, `sis_pem`, `sis_kabkot`, `desa`, `kec`, `kabkot`, `prop`, `logo_kab`, `logo_fav`, `sis_hitung`) VALUES
(1, 0, '3206240004', 1, 'Desa', 5, 0, 1, 0, 0, 'Desa', 'Kabupaten', 'Buaran Bambu', 'Pakuhaji', 'Tangerang', 'Jawa Barat', 'kab-tasikmalaya.png', 'kab_tasikmalaya_wXk_icon.ico', 1);

-- --------------------------------------------------------

--
-- Table structure for table `data_panitia`
--

CREATE TABLE `data_panitia` (
  `id` int(11) NOT NULL,
  `nama` varchar(64) NOT NULL,
  `id_jab` tinyint(4) NOT NULL,
  `ket` varchar(32) NOT NULL,
  `photo` varchar(128) NOT NULL,
  `sort` smallint(6) NOT NULL DEFAULT 999,
  `aktif` tinyint(4) NOT NULL DEFAULT 1
) ENGINE=InnoDB DEFAULT CHARSET=utf8;

--
-- Dumping data for table `data_panitia`
--

INSERT INTO `data_panitia` (`id`, `nama`, `id_jab`, `ket`, `photo`, `sort`, `aktif`) VALUES
(1, 'Supriadi, S.Sos', 1, 'Ketua BPD', 'ketuabpd.jpg', 990, 1),
(2, 'Endang Sumaeni', 1, 'BPD', 'Endang-Sumaeni.jpg', 999, 1),
(3, 'Aning Puji Lestari, S.Pd.', 1, 'BPD/Pengawas Bumdesa', 'Aning-Puji-Lestari.jpg', 999, 1),
(4, 'Abd. Rohman Basthomi, S.Pd.', 1, 'BPD', 'ABD.-ROHMAN-BASTHOMI.jpg', 999, 1),
(5, 'Putro Mustiaji ', 1, 'BPD', 'PUTRO-MUSTIAJI.jpg', 999, 1),
(6, 'Titis Puspaningrum', 2, 'Kepala Desa Grenden', 'Titis-Puspaningrum.jpg', 1, 1),
(7, 'Anda Asmara', 2, 'Kepala Seksi Pemerintahan', 'anda-asmara.jpg', 2, 1),
(8, 'Edi Imam Munajat', 2, 'Sekretaris Desa', 'Edi-Imam-Munajad.jpg', 3, 1),
(10, 'Hermini, S.Pd.', 5, 'Unit Usaha Pertanian/UKM', 'hermini.jpg', 999, 1),
(11, 'Denik Agus Setiawan', 2, 'Kepala Dusun Krajan I', 'Denik-Agus-Setiawan.jpg', 999, 1),
(13, 'Rineke Mayawati', 3, 'Bendahara', 'rineke-mayawati.jpg', 999, 1),
(14, 'Ir. Agus Subandiyono', 3, 'Sekretaris', 'agus-subandiyono.jpg', 999, 1),
(15, 'USMAN PERMANA', 3, 'Bendahara', 'anda-asmara.jpg', 999, 1),
(16, 'M. Solikin, M.Pd', 3, 'Seksi Pantarlih', 'sholikin.jpg', 999, 1),
(17, 'Subandi ', 3, 'Seksi Perlengkapan', 'Subandi.jpg', 999, 1),
(19, 'Indah Nurhayati', 4, 'Karetan RW 01', 'Indah-Nurhayati.jpg', 2, 1),
(20, 'Sri Hartatik', 4, 'Karetan RW 01', 'Sri-Hartatik.jpg', 1, 1),
(21, 'Puji Indayani', 4, 'Karetan RW 02', 'Puji-Indayani.jpg', 3, 1),
(22, 'Idatul Fitriyah', 4, 'Karangsono RW 03', 'Idatul-Fitriyah.jpg', 5, 1),
(23, 'Refi Mayangsari', 4, 'Karangsono RW 04', 'refi-mayangsari.jpg', 6, 1),
(24, 'Siti Mahmudah', 4, 'Krajan II RW 12', 'siti-mahmudah.jpg', 19, 1),
(25, 'Eni Dwi Fatma', 4, 'Karangsono RW 04', 'Eni-Dwi-Fatmawati.jpg', 6, 1),
(26, 'Endah Yuliati', 4, 'Karangsono RW 05', 'endah-yuliati.jpg', 6, 1),
(27, 'Jemiatiningsih', 4, 'Karangsono RW 06', 'jemiatiningsih.jpg', 8, 1),
(28, 'Ditia Ainur R.', 4, 'Karangsono RW 06', 'ditia-ainurohmah.jpg', 7, 1),
(30, 'Hermini, S.Pd', 4, 'Kumitir RW 07', 'Hermini,-S.Pd.jpg', 10, 1),
(31, 'Ika Trisnawati', 4, 'Kumitir RW 07', 'ika-trisnawati.jpg', 11, 1),
(32, 'Nurhayati', 4, 'Kumitir RW 08', 'nurhayati.jpg', 12, 1),
(33, 'Istiar Sri Rejeki', 4, 'Krajan II RW 09', 'Istiar-Sri-Rejeki.jpg', 14, 1),
(34, 'Asianti', 4, 'Krajan II RW 09', 'Asianti.jpg', 14, 1),
(35, 'Reni Eka A.', 4, 'Krajan II RW 10', 'reni-eka-aprilliyawati.jpg', 14, 1),
(36, 'Supiyani', 4, 'Krajan II RW 10', 'supiyani.jpg', 14, 1),
(37, 'Nurul Hikmah', 4, 'Krajan II RW 11', 'hurul-hikmah.jpg', 15, 1),
(38, 'Widayati', 4, 'Krajan II RW 11', 'widayati.jpg', 15, 1),
(39, 'Lilik Muryani', 4, 'Krajan II RW 12', 'Lilik-Muryani.jpg', 18, 1),
(40, 'Emi Suslatifah', 4, 'Krajan I RW 13', 'EMI-SUSLATIFAH.jpg', 999, 1),
(41, 'Eni Fadilah', 4, 'Krajan I RW 14', 'eni-fadilah.jpg', 999, 1),
(42, 'Witingtyas WW.', 4, 'Krajan I RW 14', 'f14650b1072c6dafb3a1aad96f3b94fa.jpg', 999, 1),
(43, 'Musriani Ratna D', 4, 'Krajan I RW 15', 'musriani-ratna-dewi.jpg', 999, 1),
(44, 'Mamik Widyawati', 4, 'Krajan I RW 16', 'manik-widyawati.jpg', 9997, 1),
(45, 'Winarsih', 4, 'Kapuran RW 17', 'Winarsih.jpg', 9998, 1),
(46, 'Erni Ernawati', 4, 'Kapuran RW 19', 'Erni-Ernawati.jpg', 10001, 1),
(47, 'Utsiyah M.', 4, 'Kapuran RW 19', 'Utsiyah-Mulyaningsih.jpg', 10000, 1),
(48, 'Imam Wahyudi', 1, 'BPD', 'Imam-Wahyudi.jpg', 999, 1),
(49, 'Suwantoro, S.Pd.', 1, 'BPD/Pengawas Bumdesa', 'Suwantoro.jpg', 992, 1),
(50, 'Baru Basuki', 2, 'Kepala Dusun Kumitir', 'Baru-Basuki.jpg', 999, 1),
(51, 'Deny Yuli Istanto', 2, 'Kepala Dusun Karangsono', 'Deny-Yuli-Istanto.jpg', 999, 1),
(52, 'Emi Suslatifah', 2, 'Staf Kaur Keuangan', 'Emi-Suslatifah.jpg', 991, 1),
(53, 'Moh. Nurhayin', 2, 'Kasi Kesra', 'Moh.-Nurhayin.jpg', 990, 1),
(54, 'Mohamad Arif Budiman', 2, 'Kepala Dusun Krajan II', 'Mohamad-Arif-Budiman.jpg', 999, 1),
(55, 'Muhammad Anas', 2, 'Staf Kaur Perencanaan', 'Muhammad-Anas.jpg', 991, 1),
(56, 'Painten', 2, 'Kasi Pelayanan', 'Painten.jpg', 990, 1),
(57, 'Rineke Mayawati', 2, 'Kaur Tata Usaha dan Umum', 'Rineke-Mayawati.jpg', 990, 1),
(58, 'Sujaeni Hadi S.', 2, 'Kaur Perencanaan', 'Sujaeni-Hadi-S.jpg', 989, 1),
(59, 'Yudi Setiawan', 3, 'Seksi Administrasi', 'Yudi-Setiawan.jpg', 999, 1),
(60, 'Yayuk Sugiarti', 4, 'Krajan I RW 13', 'Yayuk-Sugiarti.jpg', 999, 1),
(61, 'Eka Widia Wati', 4, 'Krajan I RW 15', '421e0252c8949dc0f4b85e8aa812f3d4.jpg', 999, 1),
(62, 'Suwarni', 4, 'Kumitir RW 08', 'Suwarni.jpg', 13, 1),
(63, 'M. Solikin, M.Pd.', 5, 'Direktur Bumdesa', 'Mohamad-Solikin,-M.Pd.jpg', 1, 1),
(64, 'Drs. Bambang H.', 5, 'Sekretaris Bumdesa', 'Drs.-Bambang-Hariono.jpg', 2, 1),
(65, 'Nurhamid', 5, 'Bendahara Bumdesa', 'Nurhamid.jpg', 3, 1),
(66, 'Ayu Cahyaningtias', 5, 'Tim Kreatif Bumdesa', 'Ayu-Cahyaningtias.jpg', 999, 1),
(67, 'Dewik Susanti', 5, 'Unit Usaha Layanan Jasa Umum', 'Dewik-Susanti.jpg', 999, 1),
(68, 'Erfan Febriantoro,S.Kom', 5, 'IT Support Bumdesa', 'Erfan-Febriantoro,-S.Kom.jpg', 999, 1),
(69, 'Nurudin Yahya', 5, 'Unit Bumdes@Net', 'Nurudin-Yahya.jpg', 999, 1),
(70, 'Toni Megan Wiranata', 5, 'Tim Kreatif Bumdesa', 'Toni-Megan-Wiranata.jpg', 999, 1),
(71, 'Zulfatul Mahmudah', 5, 'Tim Kreatif Bumdesa', 'Zulfatul-Mahmudah.jpg', 999, 1),
(72, 'Yulia Nur Sasi', 4, 'Kapuran RW 18', 'Yulia-Nur-Sasi.jpg', 9999, 1),
(73, 'AISYAH', 3, 'Sekretaris', 'sujaeni.jpg', 999, 1),
(74, 'Suyono', 2, 'Kepala Dusun Karetan', '0ead4748270f64c79d1c9608bded9812.jpg', 999, 1),
(83, 'Amar Husni', 5, 'Unit Pande Besi, Pertambangan', '3341ac4ec5d4bd421888c84c135f8c1e.jpg', 999, 1),
(87, 'Sutrisno, S.Pd.', 1, 'Sekretaris BPD/Pengawas Bumdesa', '1ca150618f058240fe1b5dcb8c2c94c2.jpg', 991, 1),
(88, 'Angga Dika Pratama', 1, 'BPD', 'fe49604f8fdc716653dfd7c7bbf5e3a7.jpg', 10001, 1),
(89, 'Anas Tohir', 2, 'Kepala Dusun Kapuran', 'e26b43178f66e5efaebcd7fca0045f01.jpg', 999, 1),
(90, 'Rupono', 2, 'Kaur Keuangan', '37ac87d5475405cb4adcd7cf901536a1.jpg', 988, 1),
(91, 'masjum.com', 5, 'IT Support', '4ed29867e67e53abc7bb9bc5f34273d8.jpg', 999, 1),
(92, 'Sulistiyani', 4, 'Krajan I RW 16', 'aa91e8691cfc6e4c178604437f250737.jpg', 999, 1);

-- --------------------------------------------------------

--
-- Table structure for table `data_panitia_jab`
--

CREATE TABLE `data_panitia_jab` (
  `id` int(11) NOT NULL,
  `jab` varchar(32) NOT NULL,
  `aktif` tinyint(4) NOT NULL DEFAULT 1
) ENGINE=InnoDB DEFAULT CHARSET=utf8;

--
-- Dumping data for table `data_panitia_jab`
--

INSERT INTO `data_panitia_jab` (`id`, `jab`, `aktif`) VALUES
(1, 'BPD', 1),
(2, 'Perangkat Desa', 1),
(3, 'Panitia Pilkades', 1),
(4, 'Gastarlih', 1),
(5, 'BUMDES', 1);

-- --------------------------------------------------------

--
-- Table structure for table `data_pemilih`
--

CREATE TABLE `data_pemilih` (
  `id` int(11) NOT NULL,
  `nokk` varchar(20) NOT NULL,
  `nik` varchar(18) NOT NULL,
  `nama_lengkap` varchar(128) NOT NULL,
  `tmp_lahir` varchar(32) NOT NULL,
  `tgl_lahir` date NOT NULL,
  `lp` varchar(1) NOT NULL,
  `id_dusun` tinyint(4) NOT NULL,
  `rt` varchar(4) NOT NULL,
  `rw` varchar(4) NOT NULL,
  `id_dapil` tinyint(4) NOT NULL DEFAULT 1,
  `sts_nikah` tinyint(4) NOT NULL,
  `no_urut` int(11) NOT NULL,
  `qr_code` text NOT NULL,
  `aktif` tinyint(4) NOT NULL DEFAULT 1
) ENGINE=InnoDB DEFAULT CHARSET=utf8;

-- --------------------------------------------------------

--
-- Table structure for table `dusun`
--

CREATE TABLE `dusun` (
  `id` int(11) NOT NULL,
  `uid` tinyint(4) NOT NULL,
  `dusun` varchar(32) NOT NULL,
  `aktif` tinyint(4) NOT NULL DEFAULT 1
) ENGINE=InnoDB DEFAULT CHARSET=utf8;

--
-- Dumping data for table `dusun`
--

INSERT INTO `dusun` (`id`, `uid`, `dusun`, `aktif`) VALUES
(12, 1, 'Pasir Angin', 1),
(13, 2, 'Tajur', 1),
(14, 3, 'LEGOK RATI', 1),
(15, 4, 'BOLANG', 1),
(16, 5, 'CIKANTENG', 1),
(17, 6, 'CIRANCA', 1),
(18, 7, 'LEUWI BILIK', 1),
(19, 8, 'PEKAPURAN', 1),
(20, 9, 'PARUNG PONTENG', 1);

-- --------------------------------------------------------

--
-- Table structure for table `otoritas`
--

CREATE TABLE `otoritas` (
  `id` tinyint(11) NOT NULL,
  `otoritas` varchar(32) NOT NULL
) ENGINE=InnoDB DEFAULT CHARSET=utf8;

--
-- Dumping data for table `otoritas`
--

INSERT INTO `otoritas` (`id`, `otoritas`) VALUES
(1, 'Operator Kecamatan'),
(2, 'Operator Desa'),
(3, 'Operator Admin PILKADES'),
(4, 'Operator PILKADES');

-- --------------------------------------------------------

--
-- Table structure for table `pilkades_calon`
--

CREATE TABLE `pilkades_calon` (
  `id` int(11) NOT NULL,
  `nomor` tinyint(4) NOT NULL,
  `nama_calon` varchar(64) NOT NULL,
  `gender` tinyint(4) NOT NULL DEFAULT 1,
  `alamat` varchar(128) NOT NULL,
  `lahir_tmp` varchar(32) NOT NULL,
  `lahir_tgl` date NOT NULL,
  `sts_nikah` tinyint(4) NOT NULL,
  `pekerjaan` varchar(32) NOT NULL,
  `pend_tingkat` varchar(16) NOT NULL,
  `pend_nama` varchar(64) NOT NULL,
  `pend_thn` varchar(4) NOT NULL,
  `photo` varchar(128) NOT NULL,
  `nama_pasangan` varchar(64) NOT NULL,
  `color` varchar(16) NOT NULL
) ENGINE=InnoDB DEFAULT CHARSET=utf8;

--
-- Dumping data for table `pilkades_calon`
--

INSERT INTO `pilkades_calon` (`id`, `nomor`, `nama_calon`, `gender`, `alamat`, `lahir_tmp`, `lahir_tgl`, `sts_nikah`, `pekerjaan`, `pend_tingkat`, `pend_nama`, `pend_thn`, `photo`, `nama_pasangan`, `color`) VALUES
(1, 0, 'Tidak Sah', 1, '', '', '0000-00-00', 0, '', '', '', '', '', '', 'red'),
(2, 1, 'Ruly Juniar', 1, '', 'Bogor', '1995-11-30', 0, '', '1', 'Sunan Ampel', '2019', '', '', ''),
(3, 2, 'Cecep Giri', 1, '', 'Bogor', '1990-11-30', 0, '', '1', 'Madrasah', '1990', '', '', ''),
(4, 3, 'Wawang Taswang', 1, '', 'Malang', '2019-08-12', 0, '', '1', 'SMS', '1021', '', '', ''),
(14, 4, 'Riki Muhamad Iqbal', 1, '', 'Tasikmalaya', '2000-09-03', 0, '', '2', 'SMPI', '2018', '', '', ''),
(16, 5, 'Jamal Iryad', 1, '', 'Tasikmalaya', '2000-09-03', 0, '', '2', 'SMPI', '2018', '', '', '');

-- --------------------------------------------------------

--
-- Table structure for table `pilkades_dapil`
--

CREATE TABLE `pilkades_dapil` (
  `id` int(11) NOT NULL,
  `uid` tinyint(4) NOT NULL,
  `dapil` varchar(32) NOT NULL,
  `uid_khadir` varchar(64) NOT NULL,
  `uid_phitung` varchar(64) NOT NULL,
  `aktif` tinyint(4) NOT NULL DEFAULT 1
) ENGINE=InnoDB DEFAULT CHARSET=latin1;

--
-- Dumping data for table `pilkades_dapil`
--

INSERT INTO `pilkades_dapil` (`id`, `uid`, `dapil`, `uid_khadir`, `uid_phitung`, `aktif`) VALUES
(1, 1, 'Dapil 1', '112233', '112233', 1),
(2, 2, 'Dapil 2', '38886466', '38886466', 1),
(3, 3, 'Dapil 3', '112244', '112244', 1),
(4, 4, 'Dapil 4', '46035766', '46035766', 1),
(5, 5, 'Dapil 5', '28313334', '28313334', 1);

-- --------------------------------------------------------

--
-- Table structure for table `pilkades_hitung_manual`
--

CREATE TABLE `pilkades_hitung_manual` (
  `id` int(11) NOT NULL,
  `unix_id` varchar(18) NOT NULL,
  `created_at` datetime NOT NULL,
  `id_cal` tinyint(4) NOT NULL,
  `no_cal` tinyint(4) NOT NULL,
  `id_dapil` int(11) NOT NULL,
  `uid_opr` varchar(18) NOT NULL
) ENGINE=InnoDB DEFAULT CHARSET=latin1;

--
-- Dumping data for table `pilkades_hitung_manual`
--

INSERT INTO `pilkades_hitung_manual` (`id`, `unix_id`, `created_at`, `id_cal`, `no_cal`, `id_dapil`, `uid_opr`) VALUES
(1, '15674238092513', '2019-09-02 11:53:34', 2, 1, 2, '112233'),
(2, '1567425264844226', '2019-09-02 11:54:40', 2, 1, 2, '112233'),
(3, '15674252802197', '2019-09-02 11:54:41', 3, 2, 2, '112233'),
(4, '15674252812817', '2019-09-02 11:54:42', 2, 1, 2, '112233'),
(5, '15674252822545', '2019-09-02 11:54:43', 3, 2, 2, '112233'),
(6, '15674252832698', '2019-09-02 11:54:44', 2, 1, 2, '112233'),
(7, '15674252842447', '2019-09-02 11:54:45', 3, 2, 2, '112233'),
(8, '1567425287707667', '2019-09-02 11:55:15', 1, 0, 2, '112233'),
(9, '15674253152994', '2019-09-02 11:55:17', 1, 0, 2, '112233'),
(10, '15674256602952', '2019-09-02 12:01:04', 2, 3, 2, '112233'),
(11, '15674257052108', '2019-09-02 12:01:48', 3, 2, 2, '112233'),
(12, '15674257342989', '2019-09-02 12:02:48', 3, 2, 2, '112233'),
(13, '15674257722955', '2019-09-02 12:04:08', 1, 0, 2, '112233'),
(14, '15674258482588', '2019-09-02 12:04:12', 2, 1, 2, '112233'),
(15, '15674258522495', '2019-09-02 12:04:13', 3, 2, 2, '112233'),
(16, '15674258532448', '2019-09-02 12:04:14', 2, 1, 2, '112233'),
(17, '15674258542497', '2019-09-02 12:04:19', 2, 3, 2, '112233'),
(18, '15674258592894', '2019-09-02 12:04:20', 3, 2, 2, '112233'),
(19, '15674263632572', '2019-09-02 12:12:50', 2, 1, 2, '112233'),
(20, '15674263702748', '2019-09-02 12:12:51', 3, 2, 2, '112233'),
(21, '15674263712439', '2019-09-02 12:12:52', 2, 3, 2, '112233'),
(22, '15674263722827', '2019-09-02 12:12:55', 3, 2, 2, '112233'),
(23, '15674263752752', '2019-09-02 12:12:57', 2, 1, 2, '112233'),
(24, '15674263772883', '2019-09-02 12:12:58', 3, 2, 2, '112233'),
(25, '15674263812916', '2019-09-02 12:13:55', 2, 1, 2, '112233'),
(26, '15674264352975', '2019-09-02 12:13:56', 3, 2, 2, '112233'),
(27, '15674264362027', '2019-09-02 12:13:57', 12, 3, 2, '112233'),
(28, '15674264372580', '2019-09-02 12:13:58', 2, 1, 2, '112233'),
(29, '15674264382646', '2019-09-02 12:13:58', 3, 2, 2, '112233'),
(30, '15674264382318', '2019-09-02 12:13:59', 12, 3, 2, '112233'),
(31, '15674264392523', '2019-09-02 12:14:00', 2, 1, 2, '112233'),
(32, '15674264402376', '2019-09-02 12:14:01', 1, 0, 2, '112233'),
(33, '15674264412603', '2019-09-02 12:14:04', 1, 0, 2, '112233'),
(34, '15674264442954', '2019-09-02 12:14:06', 1, 0, 2, '112233'),
(35, '15674264462874', '2019-09-02 12:14:07', 1, 0, 2, '112233'),
(36, '15674264472027', '2019-09-02 12:14:15', 1, 0, 2, '112233'),
(37, '15674264772823', '2019-09-02 12:14:41', 1, 0, 2, '112233'),
(38, '15674264812754', '2019-09-02 12:15:21', 1, 0, 2, '112233'),
(39, '15674265212210', '2019-09-02 12:22:32', 2, 1, 2, '112233'),
(40, '15674269522810', '2019-09-02 12:22:34', 3, 2, 2, '112233'),
(41, '15674269542317', '2019-09-02 12:22:35', 1, 0, 2, '112233'),
(42, '15674269552408', '2019-09-02 12:22:39', 2, 1, 2, '112233'),
(43, '15674269592194', '2019-09-02 12:23:07', 3, 2, 2, '112233'),
(44, '15674269872299', '2019-09-02 12:23:09', 3, 2, 2, '112233'),
(45, '15674269892297', '2019-09-02 12:40:13', 2, 1, 2, '112233'),
(46, '15674280132234', '2019-09-02 12:41:59', 3, 2, 2, '112233'),
(47, '15674281192170', '2019-09-02 12:42:00', 2, 1, 2, '112233'),
(48, '15674281202566', '2019-09-02 12:42:01', 3, 2, 2, '112233'),
(49, '15674281212840', '2019-09-02 12:42:02', 2, 1, 2, '112233'),
(50, '15674281222424', '2019-09-02 12:42:03', 3, 2, 2, '112233'),
(51, '15674282422649', '2019-09-02 12:44:09', 2, 1, 2, '112233'),
(52, '15674282492207', '2019-09-02 12:44:10', 3, 2, 2, '112233'),
(53, '15674282502121', '2019-09-02 12:52:09', 2, 1, 2, '112233'),
(54, '15674287292349', '2019-09-02 12:52:10', 3, 2, 2, '112233'),
(55, '15674291712465', '2019-09-02 12:59:34', 2, 1, 2, '112233'),
(56, '15674291742793', '2019-09-02 12:59:36', 3, 2, 2, '112233'),
(57, '15674291762574', '2019-09-02 12:59:37', 12, 3, 2, '112233'),
(58, '15674291772538', '2019-09-02 12:59:40', 2, 1, 2, '112233'),
(59, '15674291802036', '2019-09-02 12:59:41', 2, 1, 2, '112233'),
(60, '15674291812870', '2019-09-02 12:59:42', 3, 2, 2, '112233'),
(61, '15674291912962', '2019-09-02 13:01:10', 3, 2, 2, '112233'),
(62, '15674292702571', '2019-09-02 13:01:11', 12, 3, 2, '112233'),
(63, '15674293792008', '2019-09-02 13:05:05', 2, 1, 2, '112233'),
(64, '15674293792008', '2019-09-02 13:05:20', 2, 1, 2, '112233'),
(65, '15674293792008', '2019-09-02 13:05:52', 2, 1, 2, '112233'),
(66, '15674296162137', '2019-09-02 13:09:51', 2, 1, 2, '112233'),
(67, '15674298142641', '2019-09-02 13:10:29', 3, 2, 2, '112233'),
(68, '15674300072084', '2019-09-02 13:13:30', 2, 1, 2, '112233'),
(69, '15674300102722', '2019-09-02 13:13:39', 2, 1, 2, '112233'),
(70, '15674300192227', '2019-09-02 13:13:55', 2, 1, 2, '112233'),
(71, '15674300352565', '2019-09-02 13:13:57', 3, 2, 2, '112233'),
(72, '15674300372388', '2019-09-02 13:13:59', 4, 3, 2, '112233'),
(73, '15674300392365', '2019-09-02 13:14:02', 4, 3, 2, '112233'),
(74, '15674300422901', '2019-09-02 13:14:03', 3, 2, 2, '112233'),
(75, '15674300432691', '2019-09-02 13:14:04', 2, 1, 2, '112233'),
(76, '15674300442519', '2019-09-02 13:14:06', 3, 2, 2, '112233'),
(77, '15674300462175', '2019-09-02 13:14:08', 2, 1, 2, '112233'),
(78, '15674300482400', '2019-09-02 13:14:09', 3, 2, 2, '112233'),
(79, '15674300492656', '2019-09-02 13:14:11', 3, 2, 2, '112233'),
(80, '15674300512674', '2019-09-02 13:14:12', 2, 1, 2, '112233'),
(81, '15674300522490', '2019-09-02 13:14:14', 2, 1, 2, '112233'),
(82, '15674300542060', '2019-09-02 13:14:15', 2, 1, 2, '112233'),
(83, '15674300552244', '2019-09-02 13:14:16', 2, 1, 2, '112233'),
(84, '15674300562466', '2019-09-02 13:14:18', 2, 1, 2, '112233'),
(85, '15674300582098', '2019-09-02 13:14:19', 2, 1, 2, '112233'),
(86, '15674300592251', '2019-09-02 13:14:20', 3, 2, 2, '112233'),
(87, '15674300602932', '2019-09-02 13:14:22', 2, 1, 2, '112233'),
(88, '15674300622847', '2019-09-02 13:14:23', 3, 2, 2, '112233'),
(89, '15674300632108', '2019-09-02 13:14:26', 3, 2, 2, '112233'),
(90, '15674300662896', '2019-09-02 13:14:28', 3, 2, 2, '112233'),
(91, '15674300682858', '2019-09-02 13:14:29', 3, 2, 2, '112233'),
(92, '15674300692273', '2019-09-02 13:14:30', 3, 2, 2, '112233'),
(93, '15674300702839', '2019-09-02 13:14:31', 4, 3, 2, '112233'),
(94, '15674300712108', '2019-09-02 13:14:32', 4, 3, 2, '112233'),
(95, '15674300722097', '2019-09-02 13:14:34', 4, 3, 2, '112233'),
(96, '15674300742924', '2019-09-02 13:14:35', 4, 3, 2, '112233'),
(97, '15674300752686', '2019-09-02 13:14:36', 2, 1, 2, '112233'),
(98, '15674300762567', '2019-09-02 13:15:32', 2, 1, 2, '112233'),
(99, '15674301322465', '2019-09-02 13:15:33', 3, 2, 2, '112233'),
(100, '15674301332066', '2019-09-02 13:15:34', 2, 1, 2, '112233'),
(101, '15674301342588', '2019-09-02 13:15:35', 3, 2, 2, '112233'),
(102, '15674302212352', '2019-09-02 13:17:04', 2, 1, 2, '112233'),
(103, '15674302242210', '2019-09-02 13:17:06', 3, 2, 2, '112233'),
(104, '15674302262615', '2019-09-02 13:17:07', 2, 1, 2, '112233'),
(105, '15674302472520', '2019-09-02 13:17:30', 2, 1, 2, '112233'),
(106, '15674302502746', '2019-09-02 13:17:31', 3, 2, 2, '112233'),
(107, '15674302822853', '2019-09-02 13:18:05', 3, 2, 2, '112233'),
(108, '15674302852963', '2019-09-02 13:18:07', 2, 1, 2, '112233'),
(109, '15674302872054', '2019-09-02 13:18:08', 3, 2, 2, '112233'),
(110, '15674302882162', '2019-09-02 13:18:09', 4, 3, 2, '112233'),
(111, '15674302892238', '2019-09-02 13:18:10', 2, 1, 2, '112233'),
(112, '15674303002887', '2019-09-02 13:18:22', 2, 1, 2, '112233'),
(113, '15674303022408', '2019-09-02 13:18:23', 3, 2, 2, '112233'),
(114, '15674303032646', '2019-09-02 13:18:24', 4, 3, 2, '112233'),
(115, '15674303042806', '2019-09-02 13:18:26', 3, 2, 2, '112233'),
(116, '15674303132933', '2019-09-02 13:18:37', 2, 1, 2, '112233'),
(117, '15674311002829', '2019-09-02 13:31:43', 2, 1, 2, '112233'),
(118, '15674311032994', '2019-09-02 13:31:45', 3, 2, 2, '112233'),
(119, '15674311052613', '2019-09-02 13:31:46', 4, 3, 2, '112233'),
(120, '15674311062257', '2019-09-02 13:31:47', 2, 1, 2, '112233'),
(121, '15674311072614', '2019-09-02 13:31:48', 3, 2, 2, '112233'),
(122, '15674311082256', '2019-09-02 13:31:49', 2, 1, 2, '112233'),
(123, '15674311092255', '2019-09-02 13:31:50', 3, 2, 2, '112233'),
(124, '15674311102813', '2019-09-02 13:31:51', 4, 3, 2, '112233'),
(125, '15674311112817', '2019-09-02 13:31:53', 2, 1, 2, '112233'),
(126, '15674311132713', '2019-09-02 13:31:55', 4, 3, 2, '112233'),
(127, '15674311152510', '2019-09-02 13:31:57', 3, 2, 2, '112233'),
(128, '15674311172683', '2019-09-02 13:31:58', 2, 1, 2, '112233'),
(129, '15674311182782', '2019-09-02 13:32:00', 3, 2, 2, '112233'),
(130, '15674311202599', '2019-09-02 13:32:01', 2, 1, 2, '112233'),
(131, '15674311212902', '2019-09-02 13:32:02', 2, 1, 2, '112233'),
(132, '15674311222424', '2019-09-02 13:33:47', 2, 1, 2, '112233'),
(133, '15674312272525', '2019-09-02 13:33:48', 3, 2, 2, '112233'),
(134, '15674312282268', '2019-09-02 13:33:52', 2, 1, 2, '112233'),
(135, '15674312322834', '2019-09-02 13:33:53', 3, 2, 2, '112233'),
(136, '15674312332486', '2019-09-02 13:33:54', 2, 1, 2, '112233'),
(137, '15674312342827', '2019-09-02 13:33:55', 3, 2, 2, '112233'),
(138, '15674312352296', '2019-09-02 13:33:55', 3, 2, 2, '112233'),
(139, '15674312352313', '2019-09-02 13:33:56', 3, 2, 2, '112233'),
(140, '15674312362090', '2019-09-02 13:33:57', 3, 2, 2, '112233'),
(141, '15674312372583', '2019-09-02 13:33:58', 3, 2, 2, '112233'),
(142, '15674312382435', '2019-09-02 13:33:59', 3, 2, 2, '112233'),
(143, '15674312392566', '2019-09-02 13:34:00', 3, 2, 2, '112233'),
(144, '15674312402980', '2019-09-02 13:34:01', 3, 2, 2, '112233'),
(145, '15674312412109', '2019-09-02 13:34:02', 3, 2, 2, '112233'),
(146, '15674312422496', '2019-09-02 13:34:03', 3, 2, 2, '112233'),
(147, '15674322162607', '2019-09-02 13:50:20', 3, 2, 2, '112233'),
(148, '15674322402404', '2019-09-02 13:50:44', 2, 1, 2, '112233'),
(149, '15674322442848', '2019-09-02 13:50:46', 3, 2, 2, '112233'),
(150, '15674322462167', '2019-09-02 13:50:47', 4, 3, 2, '112233'),
(151, '15674323012249', '2019-09-02 13:51:44', 3, 2, 2, '112233'),
(152, '15674323042256', '2019-09-02 13:51:45', 2, 1, 2, '112233'),
(153, '15674323052930', '2019-09-02 13:51:46', 3, 2, 2, '112233'),
(154, '15674323062220', '2019-09-02 13:51:46', 4, 3, 2, '112233'),
(155, '15674323062747', '2019-09-02 13:52:40', 3, 2, 2, '112233'),
(156, '15674323602418', '2019-09-02 13:52:41', 3, 2, 2, '112233'),
(157, '15674323612484', '2019-09-02 13:52:42', 3, 2, 2, '112233'),
(158, '15674323622419', '2019-09-02 13:52:43', 3, 2, 2, '112233'),
(159, '15674323632418', '2019-09-02 13:52:44', 3, 2, 2, '112233'),
(160, '15674323642975', '2019-09-02 13:52:45', 3, 2, 2, '112233'),
(161, '15674324122611', '2019-09-02 13:53:35', 3, 2, 2, '112233'),
(162, '15674324152908', '2019-09-02 13:53:37', 3, 2, 2, '112233'),
(163, '15674324172287', '2019-09-02 13:53:38', 4, 3, 2, '112233'),
(164, '15674324182871', '2019-09-02 13:54:57', 2, 1, 2, '112233'),
(165, '15674324972136', '2019-09-02 13:55:32', 2, 1, 2, '112233'),
(166, '15674325322035', '2019-09-02 13:55:48', 2, 1, 2, '112233'),
(167, '15674325322035', '2019-09-02 13:56:08', 3, 2, 2, '112233'),
(168, '15674325682514', '2019-09-02 13:56:16', 3, 2, 2, '112233'),
(169, '15674325762927', '2019-09-02 13:56:17', 4, 3, 2, '112233'),
(170, '15674325772153', '2019-09-02 13:56:18', 3, 2, 2, '112233'),
(171, '15674325782685', '2019-09-02 13:56:19', 2, 1, 2, '112233'),
(172, '15674325792485', '2019-09-02 13:56:20', 3, 2, 2, '112233'),
(173, '15674325802955', '2019-09-02 13:58:27', 1, 0, 2, '112233'),
(174, '15674327072530', '2019-09-02 13:58:28', 1, 0, 2, '112233'),
(175, '15674327082323', '2019-09-02 13:58:29', 1, 0, 2, '112233'),
(176, '15674327092424', '2019-09-02 13:58:30', 1, 0, 2, '112233'),
(177, '15674327102816', '2019-09-02 13:58:32', 1, 0, 2, '112233'),
(178, '15674327122704', '2019-09-02 13:58:32', 1, 0, 2, '112233'),
(179, '15674327122249', '2019-09-02 13:58:33', 1, 0, 2, '112233'),
(180, '15674327132298', '2019-09-02 13:58:34', 1, 0, 2, '112233'),
(181, '15674327142295', '2019-09-02 13:58:35', 2, 1, 2, '112233'),
(182, '15674330302357', '2019-09-02 14:03:55', 2, 1, 2, '112233'),
(183, '15674330352189', '2019-09-02 14:03:56', 3, 2, 2, '112233'),
(184, '15674330362797', '2019-09-02 14:03:57', 2, 1, 2, '112233'),
(185, '15674330372209', '2019-09-02 14:03:58', 3, 2, 2, '112233'),
(186, '15674330382500', '2019-09-02 14:03:59', 4, 3, 2, '112233'),
(187, '15674330392541', '2019-09-02 14:04:00', 3, 2, 2, '112233'),
(188, '15674330402024', '2019-09-02 14:04:01', 2, 1, 2, '112233'),
(189, '15674330412952', '2019-09-02 14:04:02', 3, 2, 2, '112233'),
(190, '15674330422917', '2019-09-02 14:04:04', 4, 3, 2, '112233'),
(191, '15674330442325', '2019-09-02 14:04:05', 3, 2, 2, '112233'),
(192, '15674330452835', '2019-09-02 14:04:06', 3, 2, 2, '112233'),
(193, '15674330462444', '2019-09-02 14:04:07', 3, 2, 2, '112233'),
(194, '15674330472224', '2019-09-02 14:04:08', 3, 2, 2, '112233'),
(195, '15674330482994', '2019-09-02 14:04:08', 3, 2, 2, '112233'),
(196, '15674330482798', '2019-09-02 14:04:10', 3, 2, 2, '112233'),
(197, '15674330502330', '2019-09-02 14:04:10', 3, 2, 2, '112233'),
(198, '15674330502993', '2019-09-02 14:04:11', 3, 2, 2, '112233'),
(199, '15674330512316', '2019-09-02 14:04:12', 3, 2, 2, '112233'),
(200, '15674330522796', '2019-09-02 14:04:13', 3, 2, 2, '112233'),
(201, '15674330532794', '2019-09-02 14:04:14', 3, 2, 2, '112233'),
(202, '15674330542425', '2019-09-02 14:04:15', 3, 2, 2, '112233'),
(203, '15674330552571', '2019-09-02 14:04:16', 3, 2, 2, '112233'),
(204, '15674330562743', '2019-09-02 14:04:17', 3, 2, 2, '112233'),
(205, '15674330572510', '2019-09-02 14:04:19', 3, 2, 2, '112233'),
(206, '15674330592588', '2019-09-02 14:04:20', 3, 2, 2, '112233'),
(207, '15674330602246', '2019-09-02 14:04:21', 3, 2, 2, '112233'),
(208, '15674330612363', '2019-09-02 14:04:23', 3, 2, 2, '112233'),
(209, '15674330632520', '2019-09-02 14:04:24', 3, 2, 2, '112233'),
(210, '15674330642957', '2019-09-02 14:04:25', 3, 2, 2, '112233'),
(211, '15674330652283', '2019-09-02 14:04:26', 3, 2, 2, '112233'),
(212, '15674330662069', '2019-09-02 14:04:27', 3, 2, 2, '112233'),
(213, '15674330672029', '2019-09-02 14:04:28', 3, 2, 2, '112233'),
(214, '15674330682054', '2019-09-02 14:04:29', 3, 2, 2, '112233'),
(215, '15674330692864', '2019-09-02 14:04:30', 3, 2, 2, '112233'),
(216, '15674330702588', '2019-09-02 14:04:31', 3, 2, 2, '112233'),
(217, '15674330712157', '2019-09-02 14:04:32', 3, 2, 2, '112233'),
(218, '15674330722828', '2019-09-02 14:04:33', 3, 2, 2, '112233'),
(219, '15674330732946', '2019-09-02 14:04:34', 3, 2, 2, '112233'),
(220, '15674330742892', '2019-09-02 14:04:35', 3, 2, 2, '112233'),
(221, '15674330752243', '2019-09-02 14:04:36', 3, 2, 2, '112233'),
(222, '15674330762296', '2019-09-02 14:04:37', 3, 2, 2, '112233'),
(223, '15674330772910', '2019-09-02 14:04:38', 3, 2, 2, '112233'),
(224, '15674330782409', '2019-09-02 14:04:39', 3, 2, 2, '112233'),
(225, '15674330792452', '2019-09-02 14:04:40', 3, 2, 2, '112233'),
(226, '15674330802575', '2019-09-02 14:04:41', 3, 2, 2, '112233'),
(227, '15674330812357', '2019-09-02 14:04:42', 3, 2, 2, '112233'),
(228, '15674330822705', '2019-09-02 14:04:43', 3, 2, 2, '112233'),
(229, '15674330832828', '2019-09-02 14:04:43', 3, 2, 2, '112233'),
(230, '15674330832906', '2019-09-02 14:04:44', 3, 2, 2, '112233'),
(231, '15674330842299', '2019-09-02 14:04:45', 3, 2, 2, '112233'),
(232, '15674330852397', '2019-09-02 14:04:46', 2, 1, 2, '112233'),
(233, '15674330862700', '2019-09-02 14:04:48', 2, 1, 2, '112233'),
(234, '15674330882911', '2019-09-02 14:04:49', 2, 1, 2, '112233'),
(235, '15674330892150', '2019-09-02 14:04:50', 3, 2, 2, '112233'),
(236, '15674330902539', '2019-09-02 14:04:51', 3, 2, 2, '112233'),
(237, '15674330912374', '2019-09-02 14:04:52', 3, 2, 2, '112233'),
(238, '15674330922006', '2019-09-02 14:04:53', 3, 2, 2, '112233'),
(239, '15674330932582', '2019-09-02 14:04:54', 3, 2, 2, '112233'),
(240, '15674330942236', '2019-09-02 14:04:55', 3, 2, 2, '112233'),
(241, '15674330952163', '2019-09-02 14:04:56', 3, 2, 2, '112233'),
(242, '15674330962696', '2019-09-02 14:04:57', 3, 2, 2, '112233'),
(243, '15674330972383', '2019-09-02 14:04:58', 3, 2, 2, '112233'),
(244, '15674330982394', '2019-09-02 14:06:59', 1, 0, 2, '112233'),
(245, '15674332192850', '2019-09-02 14:07:00', 1, 0, 2, '112233'),
(246, '15674332202192', '2019-09-02 14:07:00', 1, 0, 2, '112233'),
(247, '15674332202530', '2019-09-02 14:07:01', 1, 0, 2, '112233'),
(248, '15674332212128', '2019-09-02 14:07:02', 1, 0, 2, '112233'),
(249, '15674332222390', '2019-09-02 14:07:03', 1, 0, 2, '112233'),
(250, '15674332232523', '2019-09-02 14:07:04', 1, 0, 2, '112233'),
(251, '15674332242299', '2019-09-02 14:07:05', 1, 0, 2, '112233'),
(252, '15674332252384', '2019-09-02 14:07:05', 1, 0, 2, '112233'),
(253, '15674332252134', '2019-09-02 14:07:06', 1, 0, 2, '112233'),
(254, '15674332262986', '2019-09-02 14:07:07', 1, 0, 2, '112233'),
(255, '15674332272527', '2019-09-02 14:07:08', 1, 0, 2, '112233'),
(256, '15674332282752', '2019-09-02 14:07:09', 1, 0, 2, '112233'),
(257, '15674332292627', '2019-09-02 14:07:10', 1, 0, 2, '112233'),
(258, '15674332302694', '2019-09-02 14:07:11', 1, 0, 2, '112233'),
(259, '15674333122895', '2019-09-02 14:08:47', 4, 3, 2, '112233'),
(260, '15674333272953', '2019-09-02 14:08:47', 3, 2, 2, '112233'),
(261, '15674333272764', '2019-09-02 14:08:48', 3, 2, 2, '112233'),
(262, '15674333282427', '2019-09-02 14:08:49', 2, 1, 2, '112233'),
(263, '15674333292035', '2019-09-02 14:08:50', 3, 2, 2, '112233'),
(264, '15674333302953', '2019-09-02 14:08:51', 2, 1, 2, '112233'),
(265, '15674333312705', '2019-09-02 14:08:51', 3, 2, 2, '112233'),
(266, '15674333312798', '2019-09-02 14:08:52', 2, 1, 2, '112233'),
(267, '15674333322887', '2019-09-02 14:08:53', 3, 2, 2, '112233'),
(268, '15674333332307', '2019-09-02 14:08:54', 2, 1, 2, '112233'),
(269, '15674333342974', '2019-09-02 14:08:55', 3, 2, 2, '112233'),
(270, '15674333352316', '2019-09-02 14:08:57', 2, 1, 2, '112233'),
(271, '15674333372386', '2019-09-02 14:08:58', 2, 1, 2, '112233'),
(272, '15674333382633', '2019-09-02 14:08:59', 3, 2, 2, '112233'),
(273, '15674333392335', '2019-09-02 14:09:00', 2, 1, 2, '112233'),
(274, '15674333402195', '2019-09-02 14:09:01', 3, 2, 2, '112233'),
(275, '15674333412489', '2019-09-02 14:09:02', 2, 1, 2, '112233'),
(276, '15674333422212', '2019-09-02 14:09:03', 3, 2, 2, '112233'),
(277, '15674333432424', '2019-09-02 14:09:05', 2, 1, 2, '112233'),
(278, '15674333452580', '2019-09-02 14:09:06', 3, 2, 2, '112233'),
(279, '15674333462165', '2019-09-02 14:09:07', 2, 1, 2, '112233'),
(280, '15674432912850', '2019-09-02 16:55:34', 2, 1, 2, '112233'),
(281, '15674433342693', '2019-09-02 16:55:35', 3, 2, 2, '112233'),
(282, '15674433352121', '2019-09-02 16:55:36', 4, 3, 2, '112233'),
(283, '15674433362691', '2019-09-02 16:55:40', 2, 1, 2, '112233'),
(284, '15674433402195', '2019-09-02 16:55:41', 3, 2, 2, '112233'),
(285, '15674433412559', '2019-09-02 16:55:42', 4, 3, 2, '112233'),
(286, '15674433422169', '2019-09-02 16:55:44', 4, 3, 2, '112233'),
(287, '15674433442693', '2019-09-02 16:55:45', 4, 3, 2, '112233'),
(288, '15674433452060', '2019-09-02 16:55:46', 3, 2, 2, '112233'),
(289, '15674433462045', '2019-09-02 16:55:47', 4, 3, 2, '112233'),
(290, '15674433472372', '2019-09-02 16:55:48', 3, 2, 2, '112233'),
(291, '15674433482838', '2019-09-02 16:55:49', 4, 3, 2, '112233'),
(292, '15674433492155', '2019-09-02 16:55:51', 2, 1, 2, '112233'),
(293, '15674433512275', '2019-09-02 16:55:52', 2, 1, 2, '112233'),
(294, '15674433522810', '2019-09-02 16:55:53', 2, 1, 2, '112233'),
(295, '15674433532557', '2019-09-02 16:55:54', 2, 1, 2, '112233'),
(296, '15674433542959', '2019-09-02 16:55:55', 3, 2, 2, '112233'),
(297, '15674433552920', '2019-09-02 16:55:56', 4, 3, 2, '112233'),
(298, '15674433562919', '2019-09-02 16:55:57', 3, 2, 2, '112233'),
(299, '15674433572870', '2019-09-02 16:55:58', 2, 1, 2, '112233'),
(300, '15674434542212', '2019-09-02 16:58:38', 2, 1, 2, '112233'),
(301, '15674435182306', '2019-09-02 16:58:39', 3, 2, 2, '112233'),
(302, '15674435192365', '2019-09-02 16:58:40', 2, 1, 2, '112233'),
(303, '15674435202184', '2019-09-02 16:58:41', 3, 2, 2, '112233'),
(304, '15674435212844', '2019-09-02 16:58:41', 2, 1, 2, '112233'),
(305, '15674435212881', '2019-09-02 16:58:42', 3, 2, 2, '112233'),
(306, '15674435222065', '2019-09-02 16:58:43', 2, 1, 2, '112233'),
(307, '15674435232006', '2019-09-02 16:58:43', 3, 2, 2, '112233'),
(308, '15674435232827', '2019-09-02 16:58:44', 2, 1, 2, '112233'),
(309, '15674435242723', '2019-09-02 16:58:45', 3, 2, 2, '112233'),
(310, '15674435252585', '2019-09-02 16:58:46', 2, 1, 2, '112233'),
(311, '15674435262929', '2019-09-02 16:58:46', 3, 2, 2, '112233'),
(312, '15674435262956', '2019-09-02 16:58:47', 3, 2, 2, '112233'),
(313, '15674435272749', '2019-09-02 16:58:48', 2, 1, 2, '112233'),
(314, '15674435282911', '2019-09-02 16:58:49', 2, 1, 2, '112233'),
(315, '15674435292676', '2019-09-02 16:58:49', 3, 2, 2, '112233'),
(316, '15674435292313', '2019-09-02 16:58:50', 2, 1, 2, '112233'),
(317, '15674435302405', '2019-09-02 16:58:51', 3, 2, 2, '112233'),
(318, '15674435312657', '2019-09-02 16:58:52', 2, 1, 2, '112233'),
(319, '15674435322274', '2019-09-02 16:58:53', 3, 2, 2, '112233'),
(320, '15674435352269', '2019-09-02 16:58:58', 2, 1, 2, '112233'),
(321, '15674437232453', '2019-09-02 17:02:06', 2, 1, 2, '112233'),
(322, '15674437262830', '2019-09-02 17:02:07', 3, 2, 2, '112233'),
(323, '15674437272215', '2019-09-02 17:02:08', 4, 3, 2, '112233'),
(324, '15674437282828', '2019-09-02 17:02:09', 3, 2, 2, '112233'),
(325, '15674437292795', '2019-09-02 17:02:10', 2, 1, 2, '112233'),
(326, '15674437302616', '2019-09-02 17:02:12', 1, 0, 2, '112233'),
(327, '15674437322782', '2019-09-02 17:02:13', 1, 0, 2, '112233'),
(328, '15674437332925', '2019-09-02 17:02:14', 1, 0, 2, '112233'),
(329, '15674437342527', '2019-09-02 17:02:15', 2, 1, 2, '112233'),
(330, '15674437352907', '2019-09-02 17:02:16', 3, 2, 2, '112233'),
(331, '15674437362494', '2019-09-02 17:02:17', 2, 1, 2, '112233'),
(332, '15674437372624', '2019-09-02 17:02:18', 3, 2, 2, '112233'),
(333, '15674437382036', '2019-09-02 17:02:19', 2, 1, 2, '112233'),
(334, '15674437392324', '2019-09-02 17:02:19', 3, 2, 2, '112233'),
(335, '15674437392052', '2019-09-02 17:02:20', 2, 1, 2, '112233'),
(336, '15674437402012', '2019-09-02 17:02:21', 3, 2, 2, '112233'),
(337, '15674437412515', '2019-09-02 17:02:22', 2, 1, 2, '112233'),
(338, '15674437422074', '2019-09-02 17:02:23', 3, 2, 2, '112233'),
(339, '15674437432852', '2019-09-02 17:02:24', 2, 1, 2, '112233'),
(340, '15674437442130', '2019-09-02 17:02:24', 3, 2, 2, '112233'),
(341, '15674437442120', '2019-09-02 17:02:25', 2, 1, 2, '112233'),
(342, '15674437452143', '2019-09-02 17:02:26', 3, 2, 2, '112233'),
(343, '15674437462935', '2019-09-02 17:02:27', 2, 1, 2, '112233'),
(344, '15674437472137', '2019-09-02 17:02:28', 3, 2, 2, '112233'),
(345, '15674437482340', '2019-09-02 17:02:29', 3, 2, 2, '112233'),
(346, '15674437492883', '2019-09-02 17:02:30', 3, 2, 2, '112233'),
(347, '15674437502547', '2019-09-02 17:02:31', 3, 2, 2, '112233'),
(348, '15674437512967', '2019-09-02 17:02:32', 3, 2, 2, '112233'),
(349, '15674437522607', '2019-09-02 17:02:32', 3, 2, 2, '112233'),
(350, '15674437522204', '2019-09-02 17:02:33', 3, 2, 2, '112233'),
(351, '15674437532489', '2019-09-02 17:02:34', 3, 2, 2, '112233'),
(352, '15674437542677', '2019-09-02 17:02:35', 4, 3, 2, '112233'),
(353, '15674437552690', '2019-09-02 17:02:36', 2, 1, 2, '112233'),
(354, '15674437562774', '2019-09-02 17:02:37', 2, 1, 2, '112233'),
(355, '15674437572420', '2019-09-02 17:02:38', 2, 1, 2, '112233'),
(356, '15674437582303', '2019-09-02 17:02:39', 2, 1, 2, '112233'),
(357, '15674437592521', '2019-09-02 17:02:41', 2, 1, 2, '112233'),
(358, '15674437612642', '2019-09-02 17:02:41', 2, 1, 2, '112233'),
(359, '15674437612983', '2019-09-02 17:02:42', 2, 1, 2, '112233'),
(360, '15674437622270', '2019-09-02 17:06:56', 3, 2, 2, '112233'),
(361, '15674440162220', '2019-09-02 17:06:56', 2, 1, 2, '112233'),
(362, '15674440162189', '2019-09-02 17:06:57', 3, 2, 2, '112233'),
(363, '15674440172070', '2019-09-02 17:06:58', 2, 1, 2, '112233'),
(364, '15674440182570', '2019-09-02 17:06:58', 3, 2, 2, '112233'),
(365, '15674440182672', '2019-09-02 17:06:59', 2, 1, 2, '112233'),
(366, '15674440192168', '2019-09-02 17:07:00', 3, 2, 2, '112233'),
(367, '15674440202648', '2019-09-02 17:07:00', 2, 1, 2, '112233'),
(368, '15674440202675', '2019-09-02 17:07:01', 3, 2, 2, '112233'),
(369, '15674440212932', '2019-09-02 17:07:02', 2, 1, 2, '112233'),
(370, '15674440222584', '2019-09-02 17:07:02', 3, 2, 2, '112233'),
(371, '15674440222312', '2019-09-02 17:07:03', 2, 1, 2, '112233'),
(372, '15674440232535', '2019-09-02 17:07:04', 3, 2, 2, '112233'),
(373, '15674440242698', '2019-09-02 17:07:04', 2, 1, 2, '112233'),
(374, '15674440242971', '2019-09-02 17:07:05', 3, 2, 2, '112233'),
(375, '15674440252632', '2019-09-02 17:07:06', 2, 1, 2, '112233'),
(376, '15674440262714', '2019-09-02 17:07:07', 2, 1, 2, '112233'),
(377, '15674440272759', '2019-09-02 17:07:08', 2, 1, 2, '112233'),
(378, '15674440282004', '2019-09-02 17:07:08', 3, 2, 2, '112233'),
(379, '15674484912741', '2019-09-02 18:37:45', 1, 0, 2, '112233'),
(380, '15674494652633', '2019-09-02 18:37:47', 2, 1, 2, '112233'),
(381, '15674494672559', '2019-09-02 18:37:49', 4, 3, 2, '112233'),
(382, '15674494692051', '2019-09-02 18:37:50', 4, 3, 2, '112233'),
(383, '15674494702576', '2019-09-02 18:51:02', 1, 0, 2, '112233'),
(384, '15674502622505', '2019-09-02 18:51:08', 3, 2, 2, '112233'),
(385, '15674508882654', '2019-09-02 19:01:55', 3, 2, 2, '112233'),
(386, '15674509152601', '2019-09-02 19:01:58', 4, 3, 2, '112233'),
(387, '15674509182023', '2019-09-02 19:02:03', 2, 1, 2, '112233'),
(388, '15674509232984', '2019-09-02 19:02:06', 3, 2, 2, '112233'),
(389, '15674509262191', '2019-09-02 19:02:07', 2, 1, 2, '112233'),
(390, '15674509272025', '2019-09-02 19:02:12', 4, 3, 2, '112233'),
(391, '15674509322638', '2019-09-02 19:02:33', 1, 0, 2, '112233'),
(392, '15674509532061', '2019-09-02 19:02:36', 1, 0, 2, '112233'),
(393, '15674509562809', '2019-09-02 19:02:38', 1, 0, 2, '112233'),
(394, '15674509582904', '2019-09-02 19:02:39', 1, 0, 2, '112233'),
(395, '15674509592336', '2019-09-02 19:02:40', 1, 0, 2, '112233'),
(396, '15674510092655', '2019-09-02 19:03:37', 2, 1, 2, '112233'),
(397, '15674510172188', '2019-09-02 19:03:38', 2, 1, 2, '112233'),
(398, '15674510182133', '2019-09-02 19:03:39', 2, 1, 2, '112233'),
(399, '15674510192755', '2019-09-02 19:03:40', 2, 1, 2, '112233'),
(400, '15674510202051', '2019-09-02 19:03:40', 2, 1, 2, '112233'),
(401, '15674510202405', '2019-09-02 19:03:41', 2, 1, 2, '112233'),
(402, '15674510212465', '2019-09-02 19:03:41', 2, 1, 2, '112233'),
(403, '15674510212374', '2019-09-02 19:03:42', 2, 1, 2, '112233'),
(404, '15674510222969', '2019-09-02 19:03:44', 3, 2, 2, '112233'),
(405, '15674510242449', '2019-09-02 19:03:45', 3, 2, 2, '112233'),
(406, '15674510252135', '2019-09-02 19:03:45', 3, 2, 2, '112233'),
(407, '15674510252931', '2019-09-02 19:03:46', 3, 2, 2, '112233'),
(408, '15674510262708', '2019-09-02 19:03:46', 3, 2, 2, '112233'),
(409, '15674510262552', '2019-09-02 19:03:54', 4, 3, 2, '112233'),
(410, '15674510342621', '2019-09-02 19:03:55', 4, 3, 2, '112233'),
(411, '15674510352841', '2019-09-02 19:03:56', 4, 3, 2, '112233'),
(412, '15674510362218', '2019-09-02 19:03:57', 4, 3, 2, '112233'),
(413, '15674510372450', '2019-09-02 19:03:58', 4, 3, 2, '112233'),
(414, '15674510382867', '2019-09-02 19:03:58', 4, 3, 2, '112233'),
(415, '15674510382247', '2019-09-02 19:03:59', 4, 3, 2, '112233'),
(416, '15674510392015', '2019-09-02 19:04:00', 4, 3, 2, '112233'),
(417, '15674510402487', '2019-09-02 19:04:01', 1, 0, 2, '112233'),
(418, '15674510412814', '2019-09-02 19:04:02', 1, 0, 2, '112233'),
(419, '15674510422835', '2019-09-02 19:04:02', 1, 0, 2, '112233'),
(420, '15674510422516', '2019-09-02 19:04:03', 1, 0, 2, '112233'),
(421, '15674510432452', '2019-09-02 19:04:03', 1, 0, 2, '112233'),
(422, '15674510432675', '2019-09-02 19:04:04', 1, 0, 2, '112233'),
(423, '15674510442145', '2019-09-02 19:04:06', 1, 0, 2, '112233'),
(424, '15674510462259', '2019-09-02 19:04:06', 1, 0, 2, '112233'),
(425, '15674510462439', '2019-09-02 19:04:07', 1, 0, 2, '112233'),
(426, '15674510472347', '2019-09-02 19:04:08', 1, 0, 2, '112233'),
(427, '15674518042030', '2019-09-02 19:20:05', 2, 1, 2, '112233'),
(428, '15674520052400', '2019-09-02 19:20:06', 3, 2, 2, '112233'),
(429, '15674520062857', '2019-09-02 19:20:07', 4, 3, 2, '112233'),
(430, '15674520072747', '2019-09-02 19:20:08', 3, 2, 2, '112233'),
(431, '15674520082761', '2019-09-02 19:20:09', 2, 1, 2, '112233'),
(432, '15674520092627', '2019-09-02 19:20:09', 3, 2, 2, '112233'),
(433, '15674520092507', '2019-09-02 19:20:10', 2, 1, 2, '112233'),
(434, '15674520102095', '2019-09-02 19:20:11', 3, 2, 2, '112233'),
(435, '15674533442169', '2019-09-02 19:43:03', 2, 1, 2, '112233'),
(436, '15674533832381', '2019-09-02 19:43:54', 2, 1, 2, '112233'),
(437, '15674534342716', '2019-09-02 19:44:04', 4, 3, 2, '112233'),
(438, '15674534902400', '2019-09-02 19:45:01', 4, 3, 2, '112233'),
(439, '15674574542248', '2019-09-02 20:51:09', 2, 1, 2, '112233'),
(440, '15674574692365', '2019-09-02 20:51:11', 2, 1, 2, '112233'),
(441, '15674574712468', '2019-09-02 20:51:12', 2, 1, 2, '112233'),
(442, '15674574722140', '2019-09-02 20:51:13', 3, 2, 2, '112233'),
(443, '15674574732972', '2019-09-02 20:51:15', 4, 3, 2, '112233'),
(444, '15674574752263', '2019-09-02 20:51:22', 4, 3, 2, '112233'),
(445, '15674574822017', '2019-09-02 20:52:09', 2, 1, 2, '112233'),
(446, '15674575292309', '2019-09-02 20:52:12', 2, 1, 2, '112233'),
(447, '15674575322900', '2019-09-02 20:52:13', 2, 1, 2, '112233'),
(448, '15674575332163', '2019-09-02 20:52:18', 2, 1, 2, '112233'),
(449, '15674575382192', '2019-09-02 20:52:27', 2, 1, 2, '112233'),
(450, '15674575472615', '2019-09-02 20:52:30', 2, 1, 2, '112233'),
(451, '15674575502757', '2019-09-02 20:52:47', 1, 0, 2, '112233'),
(452, '15674575672081', '2019-09-02 20:52:49', 1, 0, 2, '112233'),
(454, '15674578152200', '2019-09-02 20:57:13', 2, 1, 2, '112233'),
(455, '15674902092742', '2019-09-03 05:59:43', 4, 3, 2, '112233'),
(456, '15674903832418', '2019-09-03 05:59:58', 4, 3, 2, '112233'),
(457, '15674903982860', '2019-09-03 06:00:04', 4, 3, 2, '112233'),
(462, '15675025542339', '2019-09-03 09:22:46', 14, 4, 2, '112233'),
(463, '15675025662221', '2019-09-03 09:22:47', 14, 4, 2, '112233'),
(464, '15675025672325', '2019-09-03 09:22:48', 14, 4, 2, '112233'),
(465, '15675025682703', '2019-09-03 09:22:48', 14, 4, 2, '112233'),
(466, '15675025682610', '2019-09-03 09:22:49', 14, 4, 2, '112233'),
(467, '15675025692811', '2019-09-03 09:22:49', 14, 4, 2, '112233'),
(468, '15675025692490', '2019-09-03 09:22:49', 14, 4, 2, '112233'),
(469, '15675025052925', '2019-09-03 09:22:49', 2, 1, 2, '112233'),
(470, '15675025692092', '2019-09-03 09:22:49', 14, 4, 2, '112233'),
(471, '15675025692293', '2019-09-03 09:22:50', 14, 4, 2, '112233'),
(472, '15675025702170', '2019-09-03 09:22:50', 14, 4, 2, '112233'),
(473, '15675025702162', '2019-09-03 09:22:50', 14, 4, 2, '112233'),
(474, '15675025702568', '2019-09-03 09:22:50', 14, 4, 2, '112233'),
(475, '15675025702609', '2019-09-03 09:22:51', 14, 4, 2, '112233'),
(476, '15675025712200', '2019-09-03 09:22:51', 14, 4, 2, '112233'),
(477, '15675025712365', '2019-09-03 09:22:51', 14, 4, 2, '112233'),
(478, '15675025712833', '2019-09-03 09:22:51', 14, 4, 2, '112233'),
(479, '15675025712543', '2019-09-03 09:22:52', 14, 4, 2, '112233'),
(480, '15675025722913', '2019-09-03 09:22:52', 14, 4, 2, '112233'),
(481, '15675025722528', '2019-09-03 09:22:52', 14, 4, 2, '112233'),
(482, '15675025722725', '2019-09-03 09:22:52', 14, 4, 2, '112233'),
(483, '15675025722697', '2019-09-03 09:22:52', 14, 4, 2, '112233'),
(484, '15675025722623', '2019-09-03 09:22:53', 14, 4, 2, '112233'),
(485, '15675025732663', '2019-09-03 09:22:53', 14, 4, 2, '112233'),
(486, '15675025732141', '2019-09-03 09:22:53', 14, 4, 2, '112233'),
(487, '15675025732872', '2019-09-03 09:22:53', 14, 4, 2, '112233'),
(488, '15675025732137', '2019-09-03 09:22:54', 14, 4, 2, '112233'),
(489, '15675025742216', '2019-09-03 09:22:54', 14, 4, 2, '112233'),
(490, '15675025742061', '2019-09-03 09:22:54', 14, 4, 2, '112233'),
(491, '15675025742343', '2019-09-03 09:22:55', 14, 4, 2, '112233'),
(492, '15675025752307', '2019-09-03 09:22:55', 14, 4, 2, '112233'),
(493, '15675025752108', '2019-09-03 09:22:55', 14, 4, 2, '112233'),
(494, '15675025692366', '2019-09-03 09:22:57', 2, 1, 2, '112233'),
(495, '15675031502028', '2019-09-03 09:32:34', 3, 2, 2, '112233'),
(496, '15675031542618', '2019-09-03 09:32:36', 2, 1, 2, '112233'),
(497, '15675031562092', '2019-09-03 09:35:28', 3, 2, 2, '112233'),
(498, '15675033282183', '2019-09-03 09:36:30', 3, 2, 2, '112233'),
(499, '15675033282183', '2019-09-03 09:36:32', 2, 1, 2, '112233'),
(500, '15675033282183', '2019-09-03 09:36:36', 2, 1, 2, '112233'),
(501, '15675033282183', '2019-09-03 09:36:41', 3, 2, 2, '112233'),
(502, '15675033282183', '2019-09-03 09:37:09', 2, 1, 2, '112233'),
(503, '15675033282183', '2019-09-03 09:37:47', 2, 1, 2, '112233'),
(504, '15675034672364', '2019-09-03 09:37:49', 3, 2, 2, '112233'),
(505, '15675034692886', '2019-09-03 09:38:05', 2, 1, 2, '112233'),
(506, '15675034852676', '2019-09-03 09:38:07', 3, 2, 2, '112233'),
(507, '15675034872889', '2019-09-03 09:39:00', 3, 2, 2, '112233'),
(508, '15675035402524', '2019-09-03 09:41:04', 3, 2, 2, '112233'),
(509, '15675036642734', '2019-09-03 09:41:05', 2, 1, 2, '112233'),
(512, '15675037842045', '2019-09-03 09:43:08', 2, 1, 2, '112233'),
(514, '15675037892167', '2019-09-03 09:43:10', 4, 3, 2, '112233'),
(516, '15675039092369', '2019-09-03 09:49:23', 1, 0, 2, '112233'),
(517, '15675041632484', '2019-09-03 09:59:54', 1, 0, 2, '112233'),
(518, '15675047942437', '2019-09-03 09:59:56', 1, 0, 2, '112233'),
(519, '15675047962804', '2019-09-03 09:59:57', 2, 1, 2, '112233'),
(520, '15675047972664', '2019-09-03 09:59:59', 3, 2, 2, '112233'),
(521, '15675047992267', '2019-09-03 10:00:00', 2, 1, 2, '112233'),
(522, '15675048002311', '2019-09-03 10:00:00', 3, 2, 2, '112233'),
(523, '15675072392873', '2019-09-03 10:40:54', 2, 1, 2, '112233'),
(524, '15675072542551', '2019-09-03 10:40:55', 4, 3, 2, '112233'),
(525, '15675072552058', '2019-09-03 10:40:57', 3, 2, 2, '112233'),
(526, '15675072552058', '2019-09-03 10:40:57', 3, 2, 1, '112233'),
(527, '15675233532734', '2019-09-03 15:09:18', 3, 2, 2, '112233'),
(528, '15675233582252', '2019-09-03 15:09:19', 16, 5, 2, '112233'),
(529, '15675233592278', '2019-09-03 15:09:22', 2, 1, 2, '112233'),
(530, '15675233622888', '2019-09-03 15:09:23', 14, 4, 2, '112233'),
(531, '15675233632662', '2019-09-03 15:09:24', 4, 3, 2, '112233'),
(532, '15675233642255', '2019-09-03 15:09:26', 3, 2, 2, '112233'),
(533, '15675233662857', '2019-09-03 15:09:27', 2, 1, 2, '112233'),
(534, '15675233672704', '2019-09-03 15:09:28', 3, 2, 2, '112233'),
(535, '15675233682404', '2019-09-03 15:09:29', 2, 1, 2, '112233'),
(536, '15675233692700', '2019-09-03 15:09:30', 2, 1, 2, '112233'),
(537, '15675233702945', '2019-09-03 15:09:31', 3, 2, 2, '112233'),
(538, '15675233712916', '2019-09-03 15:09:32', 2, 1, 2, '112233'),
(539, '15675233722196', '2019-09-03 15:09:33', 3, 2, 2, '112233'),
(540, '15675233732138', '2019-09-03 15:09:44', 16, 5, 2, '112233'),
(541, '15675233842685', '2019-09-03 15:09:45', 16, 5, 2, '112233'),
(542, '15675233852680', '2019-09-03 15:09:46', 16, 5, 2, '112233'),
(543, '15675233862258', '2019-09-03 15:09:47', 16, 5, 2, '112233'),
(544, '15675233872677', '2019-09-03 15:09:48', 16, 5, 2, '112233'),
(545, '15675233882714', '2019-09-03 15:09:48', 16, 5, 2, '112233'),
(546, '15675233882525', '2019-09-03 15:09:49', 16, 5, 2, '112233'),
(547, '15675233892663', '2019-09-03 15:09:50', 16, 5, 2, '112233'),
(548, '15675233902152', '2019-09-03 15:09:51', 16, 5, 2, '112233'),
(549, '15675233912732', '2019-09-03 15:09:52', 16, 5, 2, '112233'),
(550, '15675233922115', '2019-09-03 15:09:52', 16, 5, 2, '112233'),
(551, '15675233922841', '2019-09-03 15:10:14', 16, 5, 2, '112233'),
(552, '15675234142264', '2019-09-03 15:10:17', 16, 5, 2, '112233'),
(553, '15675234172108', '2019-09-03 15:10:18', 16, 5, 2, '112233'),
(554, '15675234182326', '2019-09-03 15:10:19', 16, 5, 2, '112233'),
(555, '15675234192756', '2019-09-03 15:10:20', 16, 5, 2, '112233'),
(556, '15675234202144', '2019-09-03 15:10:21', 16, 5, 2, '112233'),
(557, '15675234212452', '2019-09-03 15:10:22', 16, 5, 2, '112233'),
(558, '15675234222558', '2019-09-03 15:10:23', 16, 5, 2, '112233'),
(559, '15675234232315', '2019-09-03 15:10:23', 16, 5, 2, '112233'),
(560, '15675234232797', '2019-09-03 15:10:24', 16, 5, 2, '112233'),
(561, '15675234242565', '2019-09-03 15:10:25', 16, 5, 2, '112233'),
(562, '15675234252879', '2019-09-03 15:10:28', 16, 5, 2, '112233'),
(563, '15675234282817', '2019-09-03 15:10:29', 16, 5, 2, '112233'),
(564, '15675234292671', '2019-09-03 15:10:29', 16, 5, 2, '112233'),
(565, '15675234292065', '2019-09-03 15:10:30', 16, 5, 2, '112233'),
(566, '15675234302863', '2019-09-03 15:10:31', 16, 5, 2, '112233'),
(567, '15675234312281', '2019-09-03 15:10:32', 16, 5, 2, '112233'),
(568, '15675234322619', '2019-09-03 15:10:32', 16, 5, 2, '112233'),
(569, '15675234322539', '2019-09-03 15:10:37', 16, 5, 2, '112233'),
(570, '15675234372413', '2019-09-03 15:10:38', 16, 5, 2, '112233'),
(571, '15675234382971', '2019-09-03 15:10:39', 16, 5, 2, '112233'),
(572, '15675234392517', '2019-09-03 15:10:39', 16, 5, 2, '112233'),
(573, '15675234392396', '2019-09-03 15:10:40', 16, 5, 2, '112233'),
(574, '15675234402530', '2019-09-03 15:10:41', 16, 5, 2, '112233'),
(575, '15675234412259', '2019-09-03 15:10:42', 16, 5, 2, '112233'),
(576, '15675234422161', '2019-09-03 15:10:43', 16, 5, 2, '112233'),
(577, '15675234432171', '2019-09-03 15:10:44', 16, 5, 2, '112233'),
(578, '15675234442195', '2019-09-03 15:10:44', 14, 4, 2, '112233'),
(579, '15675234442325', '2019-09-03 15:10:45', 16, 5, 2, '112233'),
(580, '15675234452259', '2019-09-03 15:10:46', 14, 4, 2, '112233'),
(581, '15675234462235', '2019-09-03 15:10:48', 4, 3, 2, '112233'),
(582, '15675234482045', '2019-09-03 15:10:49', 4, 3, 2, '112233'),
(583, '15675234492446', '2019-09-03 15:10:50', 4, 3, 2, '112233'),
(584, '15675234502491', '2019-09-03 15:10:51', 4, 3, 2, '112233'),
(585, '15675234512093', '2019-09-03 15:10:51', 4, 3, 2, '112233'),
(586, '15675234512423', '2019-09-03 15:10:52', 4, 3, 2, '112233'),
(587, '15675234522417', '2019-09-03 15:10:53', 3, 2, 2, '112233'),
(588, '15675234532379', '2019-09-03 15:11:47', 2, 1, 2, '112233'),
(589, '15675235072432', '2019-09-03 15:11:48', 2, 1, 2, '112233'),
(590, '15675235082246', '2019-09-03 15:11:49', 2, 1, 2, '112233'),
(591, '15675235092341', '2019-09-03 15:11:50', 2, 1, 2, '112233'),
(592, '15675235102864', '2019-09-03 15:11:51', 3, 2, 2, '112233'),
(593, '15675235112280', '2019-09-03 15:11:52', 2, 1, 2, '112233'),
(594, '15675235122462', '2019-09-03 15:11:53', 4, 3, 2, '112233'),
(595, '15675235132194', '2019-09-03 15:11:54', 2, 1, 2, '112233'),
(596, '15675235142196', '2019-09-03 15:11:55', 3, 2, 2, '112233'),
(597, '15675235152021', '2019-09-03 15:11:56', 4, 3, 2, '112233'),
(598, '15675235162320', '2019-09-03 15:11:57', 2, 1, 2, '112233'),
(599, '15675235172814', '2019-09-03 15:11:58', 3, 2, 2, '112233'),
(600, '15675235182999', '2019-09-03 15:11:59', 2, 1, 2, '112233'),
(601, '15675235192749', '2019-09-03 15:11:59', 4, 3, 2, '112233'),
(602, '15675235192972', '2019-09-03 15:12:00', 3, 2, 2, '112233'),
(603, '15675235202051', '2019-09-03 15:12:01', 2, 1, 2, '112233'),
(604, '15675235212568', '2019-09-03 15:12:02', 14, 4, 2, '112233'),
(605, '15675235222844', '2019-09-03 15:12:03', 3, 2, 2, '112233'),
(606, '15675235232851', '2019-09-03 15:12:04', 2, 1, 2, '112233'),
(607, '15675235242768', '2019-09-03 15:12:05', 3, 2, 2, '112233'),
(608, '15675235252138', '2019-09-03 15:12:06', 2, 1, 2, '112233'),
(609, '15675235262587', '2019-09-03 15:12:07', 3, 2, 2, '112233'),
(610, '15675235272089', '2019-09-03 15:12:08', 4, 3, 2, '112233'),
(611, '15675235282183', '2019-09-03 15:12:09', 2, 1, 2, '112233'),
(612, '15675235292467', '2019-09-03 15:12:10', 2, 1, 2, '112233'),
(613, '15675235302689', '2019-09-03 15:12:11', 3, 2, 2, '112233'),
(614, '15675235312629', '2019-09-03 15:12:11', 3, 2, 2, '112233'),
(615, '15675235312436', '2019-09-03 15:12:12', 4, 3, 2, '112233'),
(616, '15675235322357', '2019-09-03 15:12:13', 2, 1, 2, '112233'),
(617, '15675235332286', '2019-09-03 15:12:14', 3, 2, 2, '112233'),
(618, '15675235342069', '2019-09-03 15:12:15', 2, 1, 2, '112233'),
(619, '15675235352896', '2019-09-03 15:12:16', 3, 2, 2, '112233'),
(620, '15675235362813', '2019-09-03 15:12:17', 2, 1, 2, '112233'),
(621, '15675235372470', '2019-09-03 15:12:18', 2, 1, 2, '112233'),
(622, '15675235382773', '2019-09-03 15:12:20', 2, 1, 2, '112233'),
(623, '15675235402046', '2019-09-03 15:12:22', 4, 3, 2, '112233'),
(624, '15675235422507', '2019-09-03 15:12:23', 4, 3, 2, '112233'),
(625, '15675235432853', '2019-09-03 15:12:24', 4, 3, 2, '112233'),
(626, '15675235442213', '2019-09-03 15:12:25', 2, 1, 2, '112233'),
(627, '15675235452920', '2019-09-03 15:12:26', 2, 1, 2, '112233'),
(628, '15675235462717', '2019-09-03 15:12:26', 3, 2, 2, '112233'),
(629, '15675235462030', '2019-09-03 15:12:27', 3, 2, 2, '112233'),
(630, '15675235472347', '2019-09-03 15:12:28', 4, 3, 2, '112233'),
(631, '15675235482917', '2019-09-03 15:12:29', 2, 1, 2, '112233'),
(632, '15675235492552', '2019-09-03 15:12:30', 2, 1, 2, '112233'),
(633, '15675235502743', '2019-09-03 15:12:31', 3, 2, 2, '112233'),
(634, '15675235512879', '2019-09-03 15:12:32', 4, 3, 2, '112233'),
(635, '15675235522426', '2019-09-03 15:12:33', 2, 1, 2, '112233'),
(636, '15675235532947', '2019-09-03 15:12:34', 2, 1, 2, '112233'),
(637, '15675235542851', '2019-09-03 15:12:35', 2, 1, 2, '112233'),
(638, '15675235552254', '2019-09-03 15:12:36', 14, 4, 2, '112233'),
(639, '15675235562308', '2019-09-03 15:12:37', 3, 2, 2, '112233'),
(640, '15675235572168', '2019-09-03 15:12:38', 2, 1, 2, '112233'),
(641, '15675235582352', '2019-09-03 15:12:39', 3, 2, 2, '112233'),
(642, '15675235592870', '2019-09-03 15:12:40', 2, 1, 2, '112233'),
(643, '15675235602441', '2019-09-03 15:12:41', 2, 1, 2, '112233'),
(644, '15675235612535', '2019-09-03 15:12:41', 3, 2, 2, '112233'),
(645, '15675235612520', '2019-09-03 15:12:42', 2, 1, 2, '112233'),
(646, '15675235622826', '2019-09-03 15:12:43', 3, 2, 2, '112233'),
(647, '15675235632917', '2019-09-03 15:12:44', 2, 1, 2, '112233'),
(648, '15675235642243', '2019-09-03 15:12:45', 2, 1, 2, '112233'),
(649, '15675235652419', '2019-09-03 15:12:46', 4, 3, 2, '112233'),
(650, '15675235662490', '2019-09-03 15:12:47', 3, 2, 2, '112233'),
(651, '15675235672302', '2019-09-03 15:12:48', 2, 1, 2, '112233'),
(652, '15675235682585', '2019-09-03 15:12:49', 3, 2, 2, '112233'),
(653, '15675235692252', '2019-09-03 15:13:38', 16, 5, 2, '112233'),
(654, '15675236182762', '2019-09-03 15:13:41', 16, 5, 2, '112233'),
(655, '15675236212066', '2019-09-03 15:13:43', 16, 5, 2, '112233'),
(656, '15675236232725', '2019-09-03 15:13:45', 16, 5, 2, '112233'),
(657, '15675236252076', '2019-09-03 15:13:46', 16, 5, 2, '112233'),
(658, '15675236262775', '2019-09-03 15:13:48', 16, 5, 2, '112233'),
(659, '15675236282204', '2019-09-03 15:13:49', 16, 5, 2, '112233'),
(660, '15675236292103', '2019-09-03 15:13:50', 16, 5, 2, '112233'),
(661, '15675236302844', '2019-09-03 15:13:52', 16, 5, 2, '112233'),
(662, '15675236322080', '2019-09-03 15:13:53', 16, 5, 2, '112233'),
(663, '15675236332664', '2019-09-03 15:13:53', 16, 5, 2, '112233'),
(664, '15675236332473', '2019-09-03 15:13:54', 16, 5, 2, '112233'),
(665, '15675236342691', '2019-09-03 15:13:55', 16, 5, 2, '112233'),
(666, '15675236352186', '2019-09-03 15:13:55', 16, 5, 2, '112233'),
(667, '15675236352176', '2019-09-03 15:13:56', 16, 5, 2, '112233'),
(668, '15675236362798', '2019-09-03 15:13:57', 16, 5, 2, '112233'),
(669, '15675236372461', '2019-09-03 15:13:58', 16, 5, 2, '112233'),
(670, '15675236382886', '2019-09-03 15:13:59', 16, 5, 2, '112233'),
(671, '15675236392870', '2019-09-03 15:13:59', 16, 5, 2, '112233'),
(672, '15675236392117', '2019-09-03 15:14:00', 16, 5, 2, '112233'),
(673, '15675236402352', '2019-09-03 15:14:01', 16, 5, 2, '112233'),
(674, '15675236412888', '2019-09-03 15:14:01', 16, 5, 2, '112233'),
(675, '15675236412807', '2019-09-03 15:14:02', 16, 5, 2, '112233'),
(676, '15675236422563', '2019-09-03 15:14:03', 16, 5, 2, '112233'),
(677, '15675236432031', '2019-09-03 15:14:04', 16, 5, 2, '112233'),
(678, '15675236442285', '2019-09-03 15:14:04', 16, 5, 2, '112233'),
(679, '15675236442647', '2019-09-03 15:14:05', 16, 5, 2, '112233'),
(680, '15675236452789', '2019-09-03 15:14:06', 16, 5, 2, '112233'),
(681, '15675236462855', '2019-09-03 15:14:06', 16, 5, 2, '112233'),
(682, '15675236462013', '2019-09-03 15:14:07', 16, 5, 2, '112233'),
(683, '15675236472455', '2019-09-03 15:14:08', 16, 5, 2, '112233'),
(684, '15675236482000', '2019-09-03 15:14:08', 16, 5, 2, '112233'),
(685, '15675236482766', '2019-09-03 15:14:09', 16, 5, 2, '112233'),
(686, '15675236492337', '2019-09-03 15:14:10', 16, 5, 2, '112233'),
(687, '15675236502764', '2019-09-03 15:14:11', 16, 5, 2, '112233'),
(688, '15675236512908', '2019-09-03 15:14:11', 16, 5, 2, '112233'),
(689, '15675236512235', '2019-09-03 15:14:12', 16, 5, 2, '112233'),
(690, '15675236522095', '2019-09-03 15:14:13', 16, 5, 2, '112233'),
(691, '15675236532348', '2019-09-03 15:14:14', 16, 5, 2, '112233'),
(692, '15675236542771', '2019-09-03 15:14:15', 16, 5, 2, '112233'),
(693, '15675236552924', '2019-09-03 15:14:15', 16, 5, 2, '112233'),
(694, '15675236552334', '2019-09-03 15:14:16', 16, 5, 2, '112233'),
(695, '15675236562247', '2019-09-03 15:14:17', 16, 5, 2, '112233'),
(696, '15675236572332', '2019-09-03 15:14:18', 16, 5, 2, '112233'),
(697, '15675236582877', '2019-09-03 15:14:18', 16, 5, 2, '112233'),
(698, '15675236582257', '2019-09-03 15:14:19', 16, 5, 2, '112233'),
(699, '15675236592951', '2019-09-03 15:14:20', 16, 5, 2, '112233'),
(700, '15675236602165', '2019-09-03 15:14:21', 16, 5, 2, '112233'),
(701, '15675236612958', '2019-09-03 15:14:22', 16, 5, 2, '112233'),
(702, '15675236622705', '2019-09-03 15:14:22', 16, 5, 2, '112233'),
(703, '15675236622632', '2019-09-03 15:14:23', 16, 5, 2, '112233'),
(704, '15675236632143', '2019-09-03 15:14:24', 16, 5, 2, '112233'),
(705, '15675236642338', '2019-09-03 15:14:25', 16, 5, 2, '112233'),
(706, '15675236652827', '2019-09-03 15:14:25', 16, 5, 2, '112233'),
(707, '15675236652818', '2019-09-03 15:14:26', 16, 5, 2, '112233'),
(708, '15675236662296', '2019-09-03 15:14:27', 16, 5, 2, '112233'),
(709, '15675236672143', '2019-09-03 15:14:28', 16, 5, 2, '112233'),
(710, '15675236682540', '2019-09-03 15:14:28', 16, 5, 2, '112233'),
(711, '15675236682306', '2019-09-03 15:14:29', 16, 5, 2, '112233'),
(712, '15675236692846', '2019-09-03 15:14:30', 16, 5, 2, '112233'),
(713, '15675236702506', '2019-09-03 15:14:30', 16, 5, 2, '112233'),
(714, '15675236702600', '2019-09-03 15:14:31', 16, 5, 2, '112233'),
(715, '15675236712859', '2019-09-03 15:14:32', 16, 5, 2, '112233'),
(716, '15675236722020', '2019-09-03 15:14:33', 16, 5, 2, '112233'),
(717, '15675236732734', '2019-09-03 15:14:33', 16, 5, 2, '112233'),
(718, '15675236732741', '2019-09-03 15:14:34', 16, 5, 2, '112233'),
(719, '15675236742137', '2019-09-03 15:14:35', 16, 5, 2, '112233'),
(720, '15675236752920', '2019-09-03 15:14:36', 16, 5, 2, '112233'),
(721, '15675236762437', '2019-09-03 15:14:36', 16, 5, 2, '112233'),
(722, '15675236762848', '2019-09-03 15:14:37', 16, 5, 2, '112233'),
(723, '15675236772464', '2019-09-03 15:14:38', 16, 5, 2, '112233'),
(724, '15675236782893', '2019-09-03 15:14:39', 16, 5, 2, '112233'),
(725, '15675236792787', '2019-09-03 15:14:40', 16, 5, 2, '112233'),
(726, '15675236802447', '2019-09-03 15:14:41', 16, 5, 2, '112233'),
(727, '15675236812449', '2019-09-03 15:14:42', 16, 5, 2, '112233'),
(728, '15675236822437', '2019-09-03 15:14:43', 16, 5, 2, '112233'),
(729, '15675236832180', '2019-09-03 15:14:44', 16, 5, 2, '112233'),
(730, '15675236842479', '2019-09-03 15:14:44', 16, 5, 2, '112233'),
(731, '15675237511357', '2019-09-03 15:15:56', 2, 1, 1, '112233'),
(732, '15675237561602', '2019-09-03 15:15:58', 2, 1, 1, '112233'),
(733, '15675237581325', '2019-09-03 15:15:59', 2, 1, 1, '112233'),
(734, '15675237591979', '2019-09-03 15:16:00', 2, 1, 1, '112233'),
(735, '15675237601048', '2019-09-03 15:16:01', 3, 2, 1, '112233'),
(736, '15675237611588', '2019-09-03 15:16:02', 4, 3, 1, '112233'),
(737, '15675237621538', '2019-09-03 15:16:03', 2, 1, 1, '112233'),
(738, '15675237631122', '2019-09-03 15:16:04', 14, 4, 1, '112233'),
(739, '15675237641855', '2019-09-03 15:16:05', 16, 5, 1, '112233'),
(740, '15675237651397', '2019-09-03 15:16:07', 14, 4, 1, '112233'),
(741, '15675237671428', '2019-09-03 15:16:08', 2, 1, 1, '112233'),
(742, '15675237681479', '2019-09-03 15:16:09', 3, 2, 1, '112233'),
(743, '15675237691564', '2019-09-03 15:16:10', 4, 3, 1, '112233'),
(744, '15675237701760', '2019-09-03 15:16:11', 2, 1, 1, '112233'),
(745, '15675237711659', '2019-09-03 15:16:12', 2, 1, 1, '112233'),
(746, '15675237721008', '2019-09-03 15:16:13', 1, 0, 1, '112233'),
(747, '15675237731816', '2019-09-03 15:16:14', 2, 1, 1, '112233'),
(748, '15675237741870', '2019-09-03 15:16:15', 3, 2, 1, '112233'),
(749, '15675237751722', '2019-09-03 15:16:16', 16, 5, 1, '112233'),
(750, '15675237761152', '2019-09-03 15:16:17', 2, 1, 1, '112233'),
(751, '15675237771604', '2019-09-03 15:16:18', 4, 3, 1, '112233'),
(752, '15675237781681', '2019-09-03 15:16:18', 2, 1, 1, '112233'),
(753, '15675237781996', '2019-09-03 15:16:19', 3, 2, 1, '112233'),
(754, '15675237791782', '2019-09-03 15:16:20', 4, 3, 1, '112233'),
(755, '15675237801254', '2019-09-03 15:16:21', 16, 5, 1, '112233'),
(756, '15675237811344', '2019-09-03 15:16:22', 2, 1, 1, '112233'),
(757, '15675237821661', '2019-09-03 15:16:23', 3, 2, 1, '112233'),
(758, '15675237831078', '2019-09-03 15:16:24', 4, 3, 1, '112233'),
(759, '15675237841889', '2019-09-03 15:16:24', 2, 1, 1, '112233'),
(760, '15675237841405', '2019-09-03 15:16:25', 16, 5, 1, '112233'),
(761, '15675237851840', '2019-09-03 15:16:27', 14, 4, 1, '112233'),
(762, '15675237871642', '2019-09-03 15:16:27', 3, 2, 1, '112233'),
(763, '15675237871447', '2019-09-03 15:16:28', 4, 3, 1, '112233');

-- --------------------------------------------------------

--
-- Table structure for table `pilkades_hitung_rekap`
--

CREATE TABLE `pilkades_hitung_rekap` (
  `id` int(11) NOT NULL,
  `id_dapil` int(11) NOT NULL,
  `no_calon` tinyint(4) NOT NULL,
  `jumlah` int(11) NOT NULL,
  `datetime_update` datetime NOT NULL,
  `uid` varchar(8) NOT NULL
) ENGINE=InnoDB DEFAULT CHARSET=utf8;

--
-- Dumping data for table `pilkades_hitung_rekap`
--

INSERT INTO `pilkades_hitung_rekap` (`id`, `id_dapil`, `no_calon`, `jumlah`, `datetime_update`, `uid`) VALUES
(1, 1, 0, 10, '0000-00-00 00:00:00', '112233'),
(2, 2, 0, 15, '0000-00-00 00:00:00', '112244'),
(3, 2, 1, 34, '2019-06-20 00:34:25', '112244'),
(6, 2, 2, 30, '2019-06-20 00:34:02', '112244');

-- --------------------------------------------------------

--
-- Table structure for table `pilkades_kegiatan`
--

CREATE TABLE `pilkades_kegiatan` (
  `id` int(11) NOT NULL,
  `title` varchar(64) NOT NULL,
  `keterangan` varchar(128) NOT NULL,
  `filename` varchar(256) NOT NULL,
  `date` date NOT NULL,
  `aktif` tinyint(4) NOT NULL DEFAULT 1
) ENGINE=InnoDB DEFAULT CHARSET=utf8;

--
-- Dumping data for table `pilkades_kegiatan`
--

INSERT INTO `pilkades_kegiatan` (`id`, `title`, `keterangan`, `filename`, `date`, `aktif`) VALUES
(1, 'Pendataaan Pemilih', 'Musriani Ratna Dewi Gastarlih RT 14', '02029138-5e62-40b9-bdca-97cefed55e8c.jpg', '2019-07-01', 1),
(2, 'Sosialisasi', 'Panitia Pilkades', '8643d37c-310a-4065-9b68-96465a322973.jpg', '2019-07-02', 1),
(3, 'Musdes Pembentukan Panitia', 'Kantor Desa Grenden', 'musdes_panitia.jpg', '2019-07-02', 1),
(4, 'Musdes Pembentukan Panitia', 'Kantor Desa Grenden', 'musdes_panitia2.jpg', '2019-07-02', 1),
(5, 'Musdes Perencanaan Anggaran', 'Kantor Desa Grenden', 'musdes1.jpg', '2019-07-02', 1),
(6, 'Musdes Perencanaan Anggaran', 'Kantor Desa Grenden', 'musdes2.jpg', '2019-07-02', 1),
(7, 'Musdes Perencanaan Anggaran', 'Kantor Desa Grenden', 'musdes3.jpg', '2019-07-02', 1),
(8, 'Sosialisasi Pilkades', 'Kantor Desa Grenden', 'sosialisasi1.jpg', '2019-07-02', 1),
(9, 'Sosialisasi Pilkades', 'Kantor Desa Grenden', 'sosialisasi2.jpg', '2019-07-02', 1),
(10, 'Sosialisasi Pilkades', 'Kantor Desa Grenden', 'sosialisasi3.jpg', '2019-07-02', 1),
(11, 'Penerimaan Pendaftaran Balon', 'Redi Isti Priyono', 'pen_balon1.jpg', '2019-07-02', 1),
(12, 'Penerimaan Pendaftaran Bakal Calon', 'Suyono', 'pen_balon2.jpg', '2019-07-02', 1),
(13, 'Penerimaan Pendaftaran  Bakal Calon', 'Agus Widianto', 'pen_balon3.jpg', '2019-07-02', 1),
(14, 'Penerimaan Pendaftaran  Bakal Calon', 'Purwanto', 'pen_balon4.jpg', '2019-07-02', 1),
(15, 'Penerimaan Pendaftaran  Bakal Calon', 'Busono', 'pen_balon5.jpg', '2019-07-02', 1),
(16, 'Penerimaan Pendaftaran  Bakal Calon', 'Mohamad Arif Budiman', 'pen_balon6.jpg', '2019-07-02', 1),
(23, 'Verifikasi Berkas di Pendopo Kecamatan Puger', 'Busono', '09e595ea1a2ffa32a964cbca1d49c0f8.jpg', '0000-00-00', 1),
(24, 'Verifikasi Berkas di Pendopo Kecamatan Puger', 'Mohamad Arif Budiman', 'ac071da5bdde596eafd6a031968b5ae1.jpg', '0000-00-00', 1),
(25, 'Verifikasi Berkas di Kecamatan', 'Purwanto', 'b25c961ecf5f4861bbc3152fae33cbb4.jpg', '0000-00-00', 1),
(26, 'Verifikasi Berkas di Kecamatan', 'Agus Widianto', 'ceae8a45316ed0c5bb03d79864f2ed77.jpg', '0000-00-00', 1),
(27, 'Verifikasi Berkas di Kecamatan', 'Redi Isti Priyono', 'ed0a093c255914154ed4c9bb03f3d0db.jpg', '0000-00-00', 1),
(28, 'Verifikasi Berkas di Kecamatan', 'Suyono', '4b0473992375e29e1b96f9e4ab68d3aa.jpg', '0000-00-00', 1),
(29, 'Verifikasi Berkas di Pendopo Kecamatan Puger', 'Tim Verifikator', '2a7fc8e70d5eb1eab1d7edca428d81bf.jpg', '0000-00-00', 1),
(30, 'Lay out Pemilihan Kepala Desa Grenden', 'Kamis, 12 September 2019', '03e0d25d4db169fdfb3a60baa54862d9.jpg', '0000-00-00', 1);

-- --------------------------------------------------------

--
-- Table structure for table `pilkades_kehadiran`
--

CREATE TABLE `pilkades_kehadiran` (
  `id` int(11) NOT NULL,
  `id_pemilih` int(11) NOT NULL,
  `antri` int(11) NOT NULL,
  `datetime_create` datetime NOT NULL,
  `id_uid` varchar(8) NOT NULL
) ENGINE=InnoDB DEFAULT CHARSET=utf8;

-- --------------------------------------------------------

--
-- Table structure for table `print_und_setup`
--

CREATE TABLE `print_und_setup` (
  `id` int(11) NOT NULL,
  `uid_user` varchar(8) NOT NULL,
  `wrap` varchar(12) NOT NULL,
  `no_urut_top` varchar(12) NOT NULL,
  `nama_pemilih` varchar(12) NOT NULL,
  `alamat_pemilih` varchar(12) NOT NULL,
  `alamat_pemilih2` varchar(12) NOT NULL,
  `qr_code` varchar(32) NOT NULL,
  `bar_code` varchar(32) NOT NULL,
  `no_urut_bottom` varchar(12) NOT NULL
) ENGINE=InnoDB DEFAULT CHARSET=utf8;

--
-- Dumping data for table `print_und_setup`
--

INSERT INTO `print_und_setup` (`id`, `uid_user`, `wrap`, `no_urut_top`, `nama_pemilih`, `alamat_pemilih`, `alamat_pemilih2`, `qr_code`, `bar_code`, `no_urut_bottom`) VALUES
(1, '0', '0,0', '90,280,26', '90,280,22', '0,280,22', '0,280,22', '90,850,22', '140,650,22', '600,280,26'),
(4, '112233', '0,0', '90,260,36', '90,260,24', '0,260,22', '0,260,22', '90,850,22', '140,650,22', '600,260,28'),
(5, '38886466', '0,0', '90,280,26', '90,280,22', '0,280,22', '0,280,22', '', '', '600,280,26');

-- --------------------------------------------------------

--
-- Table structure for table `users`
--

CREATE TABLE `users` (
  `id` int(11) NOT NULL,
  `uid` varchar(8) NOT NULL,
  `password` varchar(128) NOT NULL,
  `id_oto` tinyint(4) NOT NULL,
  `id_akses` char(10) NOT NULL,
  `rules_akses` varchar(256) NOT NULL,
  `aktif` tinyint(4) NOT NULL DEFAULT 1
) ENGINE=InnoDB DEFAULT CHARSET=utf8;

--
-- Dumping data for table `users`
--

INSERT INTO `users` (`id`, `uid`, `password`, `id_oto`, `id_akses`, `rules_akses`, `aktif`) VALUES
(1, '112233', 'c30512cacbe63a41c52dac436562e4b6', 2, '1101010008', '3,4,5', 1),
(2, '112244', '711e20fd74ffb0ae2de792bc9abcf150', 1, '1102011', '4,5', 1),
(3, '28313334', 'c30512cacbe63a41c52dac436562e4b6', 0, '', '4,5', 1),
(4, '46035766', '29bb25fbbdcb1fd6bd1eaf388b302c09', 0, '', '4,5', 1),
(5, '38886466', 'c30512cacbe63a41c52dac436562e4b6', 0, '', '3,4,5', 1);

-- --------------------------------------------------------

--
-- Table structure for table `users_profile`
--

CREATE TABLE `users_profile` (
  `id` int(11) NOT NULL,
  `uid` varchar(8) NOT NULL,
  `nama_depan` varchar(32) NOT NULL,
  `nama_belakang` varchar(32) NOT NULL,
  `email` varchar(64) NOT NULL
) ENGINE=InnoDB DEFAULT CHARSET=utf8;

--
-- Dumping data for table `users_profile`
--

INSERT INTO `users_profile` (`id`, `uid`, `nama_depan`, `nama_belakang`, `email`) VALUES
(1, '112233', 'Masim', 'Masim', 'admin@gmail.com'),
(2, '112244', 'Abdul', 'Waseh', 'operator@gmail.com'),
(3, '28313334', 'Sumantri', 'Sumantri', 'rifki'),
(4, '46035766', 'Hasan', 'Nudin', '87654321'),
(5, '38886466', 'Sohibul', 'Anwar', 'sandisunarya22@gmail.com');

-- --------------------------------------------------------

--
-- Table structure for table `user_rules`
--

CREATE TABLE `user_rules` (
  `id` tinyint(4) NOT NULL,
  `rule` varchar(16) NOT NULL,
  `aktif` tinyint(4) NOT NULL DEFAULT 1
) ENGINE=InnoDB DEFAULT CHARSET=utf8;

--
-- Dumping data for table `user_rules`
--

INSERT INTO `user_rules` (`id`, `rule`, `aktif`) VALUES
(1, 'Admin', 1),
(2, 'Cek Kehadiran', 1),
(3, 'Penghitungan', 1);

--
-- Indexes for dumped tables
--

--
-- Indexes for table `berkas`
--
ALTER TABLE `berkas`
  ADD PRIMARY KEY (`id`);

--
-- Indexes for table `config`
--
ALTER TABLE `config`
  ADD PRIMARY KEY (`id`);

--
-- Indexes for table `data_panitia`
--
ALTER TABLE `data_panitia`
  ADD PRIMARY KEY (`id`);

--
-- Indexes for table `data_panitia_jab`
--
ALTER TABLE `data_panitia_jab`
  ADD PRIMARY KEY (`id`);

--
-- Indexes for table `data_pemilih`
--
ALTER TABLE `data_pemilih`
  ADD PRIMARY KEY (`id`);

--
-- Indexes for table `dusun`
--
ALTER TABLE `dusun`
  ADD PRIMARY KEY (`id`);

--
-- Indexes for table `otoritas`
--
ALTER TABLE `otoritas`
  ADD PRIMARY KEY (`id`);

--
-- Indexes for table `pilkades_calon`
--
ALTER TABLE `pilkades_calon`
  ADD PRIMARY KEY (`id`);

--
-- Indexes for table `pilkades_dapil`
--
ALTER TABLE `pilkades_dapil`
  ADD PRIMARY KEY (`id`);

--
-- Indexes for table `pilkades_hitung_manual`
--
ALTER TABLE `pilkades_hitung_manual`
  ADD PRIMARY KEY (`id`);

--
-- Indexes for table `pilkades_hitung_rekap`
--
ALTER TABLE `pilkades_hitung_rekap`
  ADD PRIMARY KEY (`id`);

--
-- Indexes for table `pilkades_kegiatan`
--
ALTER TABLE `pilkades_kegiatan`
  ADD PRIMARY KEY (`id`);

--
-- Indexes for table `pilkades_kehadiran`
--
ALTER TABLE `pilkades_kehadiran`
  ADD PRIMARY KEY (`id`);

--
-- Indexes for table `print_und_setup`
--
ALTER TABLE `print_und_setup`
  ADD PRIMARY KEY (`id`);

--
-- Indexes for table `users`
--
ALTER TABLE `users`
  ADD PRIMARY KEY (`id`);

--
-- Indexes for table `users_profile`
--
ALTER TABLE `users_profile`
  ADD PRIMARY KEY (`id`);

--
-- Indexes for table `user_rules`
--
ALTER TABLE `user_rules`
  ADD PRIMARY KEY (`id`);

--
-- AUTO_INCREMENT for dumped tables
--

--
-- AUTO_INCREMENT for table `berkas`
--
ALTER TABLE `berkas`
  MODIFY `id` int(11) NOT NULL AUTO_INCREMENT, AUTO_INCREMENT=3;

--
-- AUTO_INCREMENT for table `config`
--
ALTER TABLE `config`
  MODIFY `id` int(11) NOT NULL AUTO_INCREMENT, AUTO_INCREMENT=2;

--
-- AUTO_INCREMENT for table `data_panitia`
--
ALTER TABLE `data_panitia`
  MODIFY `id` int(11) NOT NULL AUTO_INCREMENT, AUTO_INCREMENT=93;

--
-- AUTO_INCREMENT for table `data_panitia_jab`
--
ALTER TABLE `data_panitia_jab`
  MODIFY `id` int(11) NOT NULL AUTO_INCREMENT, AUTO_INCREMENT=6;

--
-- AUTO_INCREMENT for table `data_pemilih`
--
ALTER TABLE `data_pemilih`
  MODIFY `id` int(11) NOT NULL AUTO_INCREMENT;

--
-- AUTO_INCREMENT for table `dusun`
--
ALTER TABLE `dusun`
  MODIFY `id` int(11) NOT NULL AUTO_INCREMENT, AUTO_INCREMENT=21;

--
-- AUTO_INCREMENT for table `otoritas`
--
ALTER TABLE `otoritas`
  MODIFY `id` tinyint(11) NOT NULL AUTO_INCREMENT, AUTO_INCREMENT=5;

--
-- AUTO_INCREMENT for table `pilkades_calon`
--
ALTER TABLE `pilkades_calon`
  MODIFY `id` int(11) NOT NULL AUTO_INCREMENT, AUTO_INCREMENT=17;

--
-- AUTO_INCREMENT for table `pilkades_dapil`
--
ALTER TABLE `pilkades_dapil`
  MODIFY `id` int(11) NOT NULL AUTO_INCREMENT, AUTO_INCREMENT=8;

--
-- AUTO_INCREMENT for table `pilkades_hitung_manual`
--
ALTER TABLE `pilkades_hitung_manual`
  MODIFY `id` int(11) NOT NULL AUTO_INCREMENT, AUTO_INCREMENT=764;

--
-- AUTO_INCREMENT for table `pilkades_hitung_rekap`
--
ALTER TABLE `pilkades_hitung_rekap`
  MODIFY `id` int(11) NOT NULL AUTO_INCREMENT, AUTO_INCREMENT=7;

--
-- AUTO_INCREMENT for table `pilkades_kegiatan`
--
ALTER TABLE `pilkades_kegiatan`
  MODIFY `id` int(11) NOT NULL AUTO_INCREMENT, AUTO_INCREMENT=31;

--
-- AUTO_INCREMENT for table `pilkades_kehadiran`
--
ALTER TABLE `pilkades_kehadiran`
  MODIFY `id` int(11) NOT NULL AUTO_INCREMENT;

--
-- AUTO_INCREMENT for table `print_und_setup`
--
ALTER TABLE `print_und_setup`
  MODIFY `id` int(11) NOT NULL AUTO_INCREMENT, AUTO_INCREMENT=6;

--
-- AUTO_INCREMENT for table `users`
--
ALTER TABLE `users`
  MODIFY `id` int(11) NOT NULL AUTO_INCREMENT, AUTO_INCREMENT=6;

--
-- AUTO_INCREMENT for table `users_profile`
--
ALTER TABLE `users_profile`
  MODIFY `id` int(11) NOT NULL AUTO_INCREMENT, AUTO_INCREMENT=6;

--
-- AUTO_INCREMENT for table `user_rules`
--
ALTER TABLE `user_rules`
  MODIFY `id` tinyint(4) NOT NULL AUTO_INCREMENT, AUTO_INCREMENT=4;
COMMIT;

/*!40101 SET CHARACTER_SET_CLIENT=@OLD_CHARACTER_SET_CLIENT */;
/*!40101 SET CHARACTER_SET_RESULTS=@OLD_CHARACTER_SET_RESULTS */;
/*!40101 SET COLLATION_CONNECTION=@OLD_COLLATION_CONNECTION */;
